Movement Restrictions,,,Feedback to sjohnson@redcross.org.uk,,Legend: Restrictions no longer active.,,"NB: ""adm1_id"" and ""adm2_id"" are OCHA p-codes and ""adm3_id"" is temporary id",,,,,,,,,,,
Short URL for this doc: http://goo.gl/zplmSy,,,Comments and additional references welcomed.,,"Ebola Affected Countries: Guinea, Liberia & Sierra Leone",,Admin 1:,County,,,,,,,,,,
LAST FULLY UPDATED: 27/10/14 ,,,,,Quarantine: Official or absolute restriction,,Admin 2:,District,,,,,,,,,,
NB: This data is partial and subject to change as more information becomes available.,,,,,Restricted Movement: Informal or partial restriction,,Admin 3:,Chiefdom,,,,,,,,,,
,,,,,,,,,,,,,,,,,,
NB: Aid workers are exempt from travel restrictions on condition of correct paperwork.,,,,,,,,,,,,,,,,,,
id,Scale_of_restriction,Country,Location,International_border,Type_of_restriction,Nature_of_restriction,adm1,adm1_id,adm2,adm2_id,adm3,adm3_id,Date_from,Date_to,Source,Source_Hyperlink,Notes,Check
#x_uniqueid,#x_restrictionscale,#country,#adm,#x_border_country,#x_restrictiontype,#x_restrictionnature,#adm1,#adm_id,#adm2,#adm2_id,#adm3,#adm3_id,#from_date,#to_date,#source_lnk,#source_lnk,#x_notes,
ID1001,Domestic,Sierra Leone,Sierra Leone,n/a,National Law,Community Response,n/a,n/a,n/a,n/a,n/a,n/a,8/1/2014,n/a,The Guardian - State of Emergency declared in Liberia and Sierra Leone / ActionAid - Ebola Crisis Update,http://www.theguardian.com/society/2014/jul/31/ebola-outbreak-state-of-emergency-liberia-sierra-leone,"Sierra Leone declares a state of emergency which leads to the closure of schools, markets and any gathering not related to the fight against Ebola alongside the quarantining of affected communities. Inititally Public Emergency Act was planned to end 31/10/14 but will most likely continue.",
ID1002,Domestic,Sierra Leone,Sierra Leone,n/a,National Law,Community Response,n/a,n/a,n/a,n/a,n/a,n/a,8/22/2014,n/a,Channel News Asia - Sierra Leone Law Ebola Victims,http://www.channelnewsasia.com/news/world/two-year-jail-terms-for/1326170.html,Outlawed the “harbouring” of Ebola victims - risk a jail sentence of up to two years.,
ID1003,Domestic,Sierra Leone,Sierra Leone,n/a,National Law,Community Response,n/a,n/a,n/a,n/a,n/a,n/a,10/16/2014,n/a,UNMEER - External Situation Report,http://reliefweb.int/sites/reliefweb.int/files/resources/20141016%20-%20UNMEER%20External%20Situation%20Report.pdf,"A standard operating procedure (SOP) for enforcing roadblocks and quarantines has been approved by the Government of Sierra Leone with training of 4,000 - 5,000 officers nationwide.",
ID1004,Domestic,Sierra Leone,Sierra Leone,n/a,National Law,Movement Order,n/a,n/a,n/a,n/a,n/a,n/a,8/29/2014,n/a,Acaps - Global Emergency Overview,http://reliefweb.int/sites/reliefweb.int/files/resources/geo_41.pdf,Legislation was passed imposing a jail term of up to six months for anyone entering or leaving Ebola-affected areas without medical authorisation. Any sport involving physical contact was also prohibited.,
ID1005,Domestic,Sierra Leone,Sierra Leone,n/a,National Law,Movement Order,n/a,n/a,n/a,n/a,n/a,n/a,9/19/2014,9/21/2014,Vox - Lockdown,http://www.vox.com/2014/9/7/6117199/sierra-leone-lockdown-Ebola-virus,Entire population not allowed to leave homes for 3 days to reduce spread.,
ID1006,Domestic,Sierra Leone,Sierra Leone,n/a,National Law,Movement Order,n/a,n/a,n/a,n/a,n/a,n/a,9/9/2014,n/a,The Guardian - As Ebola closes schools in Africa,http://www.theguardian.com/commentisfree/2014/sep/15/as-ebola-closes-schools-in-africa-how-do-we-help-children-learn,"Schools have not opened since 9 September, and authorities are suggesting they may remain closed for three months or more.",
ID1007,Domestic,Sierra Leone,Kailahun,n/a,National Law,Movement Order,Eastern,SL01,Kailahun,SL0101,n/a,n/a,6/11/2014,n/a,Reuters - Sierra Leone Shuts Borders,http://uk.reuters.com/article/2014/06/11/us-health-ebola-leone-idUKKBN0EM2CG20140611,"Closed schools, nightclubs and cinemas in Kailahun.",
ID1008,Domestic,Sierra Leone,Sierra Leone,n/a,National Law,Movement Order,n/a,n/a,n/a,n/a,n/a,n/a,8/13/2014,n/a,http://reliefweb.int/sites/reliefweb.int/files/resources/b-acaps_bn_ebola_west_africa_impact_protection_14_oct_2014.pdf,http://reliefweb.int/sites/reliefweb.int/files/resources/b-acaps_bn_ebola_west_africa_impact_protection_14_oct_2014.pdf,Restrictions have been put imposed on public and other mass gatherings.,
ID1009,Domestic,Sierra Leone,Kailahun,n/a,Area Blockade,Quarantine,Eastern,SL01,Kailahun,SL0101,n/a,n/a,8/7/2014,n/a,Business Council Africa - African Security Issues ,http://www.bcafrica.co.uk/news/976-african-security-issues-aug-8,Blocking cars from moving in and out of affected areas. 16 checkpoints on major roads and foot patrols.,
ID1010,Domestic,Sierra Leone,Kenema,n/a,Area Blockade,Quarantine,Eastern,SL01,Kenema,SL0102,n/a,n/a,8/7/2014,n/a,Business Council Africa - African Security Issues ,http://www.bcafrica.co.uk/news/976-african-security-issues-aug-8,Blocking cars from moving in and out of affected areas. 16 checkpoints on major roads and foot patrols.,
ID1011,Domestic,Sierra Leone,Port Loko,n/a,Area Blockade,Quarantine,Northern,SL02,Port Loko,SL0204,n/a,n/a,9/25/2014,n/a,Agence France-Presse - Sierra Leone quarentines one million,http://reliefweb.int/report/sierra-leone/sierra-leone-quarantines-one-million-ahead-un-ebola-talks,Corridors for travel to and from non-quarantined areas have been established but will only operate between 9am and 5pm.,
ID1012,Domestic,Sierra Leone,Bombali,n/a,Area Blockade,Quarantine,Northern,SL02,Bombali,SL0201,n/a,n/a,9/25/2014,n/a,Agence France-Presse - Sierra Leone quarentines one million,http://reliefweb.int/report/sierra-leone/sierra-leone-quarantines-one-million-ahead-un-ebola-talks,Corridors for travel to and from non-quarantined areas have been established but will only operate between 9am and 5pm.,
ID1013,Domestic,Sierra Leone,Moyamba,n/a,Area Blockade,Quarantine,Southern,SL03,Moyamba,SL0303,n/a,n/a,9/25/2014,n/a,Agence France-Presse - Sierra Leone quarentines one million,http://reliefweb.int/report/sierra-leone/sierra-leone-quarantines-one-million-ahead-un-ebola-talks,Corridors for travel to and from non-quarantined areas have been established but will only operate between 9am and 5pm.,
ID1014,Domestic,Sierra Leone,Marampa,n/a,Area Blockade,Quarantine,Northern,SL02,Port Loko,SL0204,Marampa,SL0204083,9/25/2014,n/a,Government of Sierra Leone - Press Release (Measures to end Ebola outbreak) ,http://reliefweb.int/report/sierra-leone/press-release-measures-end-ebola-outbreak-24th-september-2014,Residents in these chiefdoms must not travel to any other chiefdom until further notice.,
ID1015,Domestic,Sierra Leone,Buya Romende,n/a,Area Blockade,Quarantine,Northern,SL02,Port Loko,SL0204,Buya Romende,SL0204077,9/25/2014,n/a,Government of Sierra Leone - Press Release (Measures to end Ebola outbreak) ,http://reliefweb.int/report/sierra-leone/press-release-measures-end-ebola-outbreak-24th-september-2014,Residents in these chiefdoms must not travel to any other chiefdom until further notice.,
ID1016,Domestic,Sierra Leone,Maforki,n/a,Area Blockade,Quarantine,Northern,SL02,Port Loko,SL0204,Maforki,SL0204082,9/25/2014,n/a,Government of Sierra Leone - Press Release (Measures to end Ebola outbreak) ,http://reliefweb.int/report/sierra-leone/press-release-measures-end-ebola-outbreak-24th-september-2014,Residents in these chiefdoms must not travel to any other chiefdom until further notice.,
ID1017,Domestic,Sierra Leone,Bkm (aka Bureh),n/a,Area Blockade,Quarantine,Northern,SL02,Port Loko,SL0204,Bkm (aka Bureh),SL0204076,9/25/2014,n/a,Government of Sierra Leone - Press Release (Measures to end Ebola outbreak) ,http://reliefweb.int/report/sierra-leone/press-release-measures-end-ebola-outbreak-24th-september-2014,Residents in these chiefdoms must not travel to any other chiefdom until further notice.,
ID1018,Domestic,Sierra Leone,Koya,n/a,Area Blockade,Quarantine,Northern,SL02,Port Loko,SL0204,Koya,SL0204080,9/25/2014,n/a,Government of Sierra Leone - Press Release (Measures to end Ebola outbreak) ,http://reliefweb.int/report/sierra-leone/press-release-measures-end-ebola-outbreak-24th-september-2014,Residents in these chiefdoms must not travel to any other chiefdom until further notice.,
ID1019,Domestic,Sierra Leone,Masimera ,n/a,Area Blockade,Quarantine,Northern,SL02,Port Loko,SL0204,Masimera ,SL0204084,9/25/2014,n/a,Government of Sierra Leone - Press Release (Measures to end Ebola outbreak) ,http://reliefweb.int/report/sierra-leone/press-release-measures-end-ebola-outbreak-24th-september-2014,Residents in these chiefdoms must not travel to any other chiefdom until further notice.,
ID1020,Domestic,Sierra Leone,Bombali Shebora,n/a,Area Blockade,Quarantine,Northern,SL02,Bombali,SL0201,Bombali Shebora,SL0201046,9/25/2014,n/a,Government of Sierra Leone - Press Release (Measures to end Ebola outbreak) ,http://reliefweb.int/report/sierra-leone/press-release-measures-end-ebola-outbreak-24th-september-2014,Residents in these chiefdoms must not travel to any other chiefdom until further notice.,
ID1021,Domestic,Sierra Leone,Makarie Gbanti,n/a,Area Blockade,Quarantine,Northern,SL02,Bombali,SL0201,Makarie Gbanti,SL0201051,9/25/2014,n/a,Government of Sierra Leone - Press Release (Measures to end Ebola outbreak) ,http://reliefweb.int/report/sierra-leone/press-release-measures-end-ebola-outbreak-24th-september-2014,Residents in these chiefdoms must not travel to any other chiefdom until further notice.,
ID1022,Domestic,Sierra Leone,Gbendembu Gowahun,n/a,Area Blockade,Quarantine,Northern,SL02,Bombali,SL0201,Gbendembu Gowahun,SL0201048,9/25/2014,n/a,Government of Sierra Leone - Press Release (Measures to end Ebola outbreak) ,http://reliefweb.int/report/sierra-leone/press-release-measures-end-ebola-outbreak-24th-september-2014,Residents in these chiefdoms must not travel to any other chiefdom until further notice.,
ID1023,Domestic,Sierra Leone,Paki Masabong,n/a,Area Blockade,Quarantine,Northern,SL02,Bombali,SL0201,Paki Masabong,SL0201052,9/25/2014,n/a,Government of Sierra Leone - Press Release (Measures to end Ebola outbreak) ,http://reliefweb.int/report/sierra-leone/press-release-measures-end-ebola-outbreak-24th-september-2014,Residents in these chiefdoms must not travel to any other chiefdom until further notice.,
ID1024,Domestic,Sierra Leone,Fakunya,n/a,Area Blockade,Quarantine,Southern,SL03,Moyamba,SL0303,Fakunya,SL0303128,9/25/2014,n/a,Government of Sierra Leone - Press Release (Measures to end Ebola outbreak) ,http://reliefweb.int/report/sierra-leone/press-release-measures-end-ebola-outbreak-24th-september-2014,Residents in these chiefdoms must not travel to any other chiefdom until further notice.,
ID1025,Domestic,Sierra Leone,Lower Banta (aka Banta Gbangbatote),n/a,Area Blockade,Quarantine,Southern,SL03,Moyamba,SL0303,Lower Banta (aka Banta Gbangbatote),SL0303124,9/25/2014,n/a,Government of Sierra Leone - Press Release (Measures to end Ebola outbreak) ,http://reliefweb.int/report/sierra-leone/press-release-measures-end-ebola-outbreak-24th-september-2014,Residents in these chiefdoms must not travel to any other chiefdom until further notice.,
ID1026,Domestic,Sierra Leone,Bumpeh ,n/a,Area Blockade,Quarantine,Southern,SL03,Moyamba,SL0303,Bumpeh ,SL0303126,9/25/2014,n/a,Government of Sierra Leone - Press Release (Measures to end Ebola outbreak) ,http://reliefweb.int/report/sierra-leone/press-release-measures-end-ebola-outbreak-24th-september-2014,Residents in these chiefdoms must not travel to any other chiefdom until further notice.,
ID1027,Domestic,Sierra Leone,Moyamba Town,n/a,Area Blockade,Restricted Movement,Southern,SL03,Moyamba,SL0303,Kaiyamba,SL0303130,9/22/2014,n/a,International SOS - Sierra Leone,https://www.internationalsos.com/ebola/index.cfm?content_id=397&language_id=ENG,Moyamba Town entered effective lockdown with most houses under quarantine. In response to people participating in the recent burial of a prominent citizen.,
ID1028,Domestic,Sierra Leone,Moyamba Junction,n/a,Area Blockade,Restricted Movement,Southern,SL03,Moyamba,SL0303,Fakunya,SL0303128,9/22/2014,n/a,International SOS - Sierra Leone,https://www.internationalsos.com/ebola/index.cfm?content_id=397&language_id=ENG,Moyamba Junction entered effective lockdown with most houses under quarantine. In response to people participating in the recent burial of a prominent citizen.,
ID1029,Domestic,Sierra Leone,Pehe Bongre,n/a,Area Blockade,Restricted Movement,Eastern,SL01,Kailahun,SL0101,Pehe Bongre,SL0101010,8/12/2014,n/a,Newsweek - Sierra Leone Jokibu Quarantine,http://www.newsweek.com/ebola-sierra-leone-jokibu-quarantine-264178,Local villages imposing own methods of quarantine.,
ID1030,Domestic,Sierra Leone,Makpele,n/a,Area Blockade,Potential,Southern,SL03,Pujehun,SL0304,Makpele,SL0304140,n/a,n/a,Government of Sierra Leone - Press Release,http://www.statehouse.gov.sl/index.php/component/content/article/34-news-articles/1001--press-release,Homes will be quarantined when suspected cases are identified.,
ID1031,Domestic,Sierra Leone,Tane,n/a,Area Blockade,Potential,Northern,SL02,Tonkolili,SL0205,Tane,SL0205096,n/a,n/a,Government of Sierra Leone - Press Release,http://www.statehouse.gov.sl/index.php/component/content/article/34-news-articles/1001--press-release,Homes will be quarantined when suspected cases are identified.,
ID1032,Domestic,Sierra Leone,Gbonkolenken,n/a,Area Blockade,Potential,Northern,SL02,Tonkolili,SL0205,Gbonkolenken,SL0205087,n/a,n/a,Government of Sierra Leone - Press Release,http://www.statehouse.gov.sl/index.php/component/content/article/34-news-articles/1001--press-release,Homes will be quarantined when suspected cases are identified.,
ID1033,Domestic,Sierra Leone,Mambolo,n/a,Area Blockade,Potential,Northern,SL02,Kambia,SL0202,Mambolo,SL0202061,n/a,n/a,Government of Sierra Leone - Press Release,http://www.statehouse.gov.sl/index.php/component/content/article/34-news-articles/1001--press-release,Homes will be quarantined when suspected cases are identified.,
ID1034,Domestic,Liberia,Liberia,n/a,National Law,Community Response,n/a,n/a,n/a,n/a,n/a,n/a,8/1/2014,n/a,The Guardian - State of Emergency declared in Liberia and Sierra Leone,http://www.theguardian.com/society/2014/jul/31/ebola-outbreak-state-of-emergency-liberia-sierra-leone,Liberia declares a state of emergency which leads to the closure of schools and markets and the quarantining of affected communities.,
ID1035,Domestic,Liberia,Liberia,n/a,National Law,Community Response,n/a,n/a,n/a,n/a,n/a,n/a,10/23/2014,n/a,Agence France-Presse - Ebola hit Liberia unveils strict border checks,http://reliefweb.int/report/liberia/ebola-hit-liberia-unveils-strict-border-checks,Liberian President announced strict new border controls with neighbouring Guinea and Sierra Leone.,
ID1036,Domestic,Liberia,Liberia,n/a,National Law,Movement Order,n/a,n/a,n/a,n/a,n/a,n/a,8/6/2014,n/a,AllAfrica - Liberia: Stay Home Orders Extended,http://allafrica.com/stories/201409010975.html,All non-essential workers have been told not to come to work with promise that all government workers would still be paid.,
ID1037,Domestic,Liberia,Liberia,n/a,National Law,Movement Order,n/a,n/a,n/a,n/a,n/a,n/a,7/30/2014,n/a,BBC News - Ebola: Liberia Shuts Schools to Tackle Outbreak,http://www.bbc.co.uk/news/world-africa-28576010,All schools are closed.,
ID1038,Domestic,Liberia,Liberia,n/a,National Law,Movement Order,n/a,n/a,n/a,n/a,n/a,n/a,8/20/2014,9/7/2014,Al Jazeera - Liberia Declares Curfew,http://www.aljazeera.com/news/africa/2014/08/liberia-declares-curfew-ebola-battle-201481923313312825.html,Night-time curfew of 21.00-06.00 imposed. No mentioned of the breach consequences.,
ID1039,Domestic,Liberia,Liberia,n/a,National Law,Movement Order,n/a,n/a,n/a,n/a,n/a,n/a,9/8/2014,n/a,AllAfrica - Government lifts quarantine and adjust curfew,http://allafrica.com/stories/201409090572.html,Night-time curfew updated to 23.00-06.00 for more reasonable hours longer term.,
ID1040,Domestic,Liberia,Liberia,n/a,National Law,Community Response,n/a,n/a,n/a,n/a,n/a,n/a,10/3/2014,n/a,Acaps - Global Emergency Overview,http://reliefweb.int/sites/reliefweb.int/files/resources/geo_43.pdf,Parliament criminalised the deliberate concealment of information about people with contagious diseases such as Ebola and HIV.,
ID1041,Domestic,Liberia,Liberia,n/a,National Law,Movement Order,n/a,n/a,n/a,n/a,n/a,n/a,7/30/2014,n/a,Acaps - Global Emergency Overview / UNMEER - External Situation Report,http://reliefweb.int/sites/reliefweb.int/files/resources/geo_43.pdf,"All markets in border areas are closed until further notice. As of 13 October, around 60 percent of markets outside Monrovia have closed or scaled down.",
ID1042,Domestic,Liberia,Liberia,n/a,National Law,Community Response,n/a,n/a,n/a,n/a,n/a,n/a,10/6/2014,n/a,International SOS - Latest News ,https://www.internationalsos.com/ebola/index.cfm?content_id=407&language_id=ENG,Journalists must now secure written permission from the Ministry of Health if they want to take photographs or conduct interviews at Ebola healthcare facilities.,
ID1043,Domestic,Liberia,Bomi,n/a,Area Blockade,Quarantine,Bomi,LR01,n/a,n/a,n/a,n/a,8/8/2014,n/a,Monrovia Inquirer - AFL Launches Operation White Shield,http://monroviainquirer.com/2014/08/08/remain-where-you-are-for-21-days-says-defense-minister-as-afl-launches-operation-white-shield-several-commuters-stranded-at-klay-checkpoint/,Quarantined by government. Military checkpoints and restricted movement of people.,
ID1044,Domestic,Liberia,Bong,n/a,Area Blockade,Quarantine,Bong,LR02,n/a,n/a,n/a,n/a,8/8/2014,n/a,Monrovia Inquirer - AFL Launches Operation White Shield,http://monroviainquirer.com/2014/08/08/remain-where-you-are-for-21-days-says-defense-minister-as-afl-launches-operation-white-shield-several-commuters-stranded-at-klay-checkpoint/,Quarantined by government. Military checkpoints and restricted movement of people.,
ID1045,Domestic,Liberia,Grand Cape Mount,n/a,Area Blockade,Quarantine,Grand Cape Mount,LR05,n/a,n/a,n/a,n/a,8/8/2014,n/a,Monrovia Inquirer - AFL Launches Operation White Shield,http://monroviainquirer.com/2014/08/08/remain-where-you-are-for-21-days-says-defense-minister-as-afl-launches-operation-white-shield-several-commuters-stranded-at-klay-checkpoint/,"Quarantined by government. Military checkpoints and restricted movement of people. 35 known ""illegal"" entry points to Sierra Leone with order of shoot on sight.",
ID1046,Domestic,Liberia,Lofa,n/a,Area Blockade,Quarantine,Lofa,LR08,n/a,n/a,n/a,n/a,8/8/2014,n/a,Monrovia Inquirer - AFL Launches Operation White Shield,http://monroviainquirer.com/2014/08/08/remain-where-you-are-for-21-days-says-defense-minister-as-afl-launches-operation-white-shield-several-commuters-stranded-at-klay-checkpoint/,Quarantined by government. Military checkpoints and restricted movement of people.,
ID1047,Domestic,Liberia,Gbarpolu,n/a,Area Blockade,Quarantine,Gbarpolu,LR03,n/a,n/a,n/a,n/a,8/8/2014,n/a,AllAfrica - Liberia Operation White Shield,http://allafrica.com/stories/201408080945.html?viewall=1,Quarantined by government.,
ID1048,Domestic,Liberia,Montserrado,n/a,Area Blockade,Restricted Movement,Montserrado,LR11,n/a,n/a,n/a,n/a,8/14/2014,n/a,MoF Liberia - News Summary ,http://www.mofa.gov.lr/public2/2press.php?news_id=1241&related=7&pg=sp,Restricted movement of people.,
ID1049,Domestic,Liberia,Margibi,n/a,Area Blockade,Restricted Movement,Margibi,LR09,n/a,n/a,n/a,n/a,8/14/2014,n/a,MoF Liberia - News Summary ,http://www.mofa.gov.lr/public2/2press.php?news_id=1241&related=7&pg=sp,Restricted movement of people.,
ID1050,Domestic,Liberia,Grand Bassa,n/a,Area Blockade,Restricted Movement,Grand Bassa,LR04,n/a,n/a,n/a,n/a,8/14/2014,n/a,MoF Liberia - News Summary ,http://www.mofa.gov.lr/public2/2press.php?news_id=1241&related=7&pg=sp,Restricted movement of people.,
ID1051,Domestic,Liberia,Grand Gedeh,n/a,Area Blockade,Restricted Movement,Grand Gedeh,LR06,n/a,n/a,n/a,n/a,8/14/2014,n/a,MoF Liberia - News Summary ,http://www.mofa.gov.lr/public2/2press.php?news_id=1241&related=7&pg=sp,Restricted movement of people.,
ID1052,Domestic,Liberia,District 1,n/a,National Law,Movement Order,Grand Bassa,LR04,District 1,LR0402,n/a,n/a,9/25/2014,n/a,AllAfrica - Liberia Ebola Quarrel,http://allafrica.com/stories/201409251001.html,All weekly markets in District 1 have been temporarily closed.,
ID1053,Domestic,Liberia,Foya,n/a,Area Blockade,Quarantine,Lofa,LR08,Foya,LR0801,n/a,n/a,8/20/14,n/a,International SOS - Latest News ,https://www.internationalsos.com/ebola/index.cfm?content_id=407&language_id=ENG,WHO quarantine zone.,
ID1054,Domestic,Liberia,Bopolu,n/a,Area Blockade,Quarantine,Gbarpolu,LR03,Bopolu,LR0303,n/a,n/a,8/6/2014,n/a,Examiner - Ebola Cases Climb in Liberia and Sierra Leone,http://www.examiner.com/article/ebola-cases-climb-liberia-and-sierra-leone,Military roadblocks.,
ID1055,Domestic,Liberia,Klay,n/a,Area Blockade,Quarantine,Bomi,LR01,Klay,LR0102,n/a,n/a,8/6/2014,n/a,Monrovia Inquirer - AFL Launches Operation White Shield,http://monroviainquirer.com/2014/08/08/remain-where-you-are-for-21-days-says-defense-minister-as-afl-launches-operation-white-shield-several-commuters-stranded-at-klay-checkpoint/,Military roadblocks.,
ID1056,Domestic,Liberia,Firestone,n/a,Area Blockade,Quarantine,Margibi,LR09,Firestone,LR0901,n/a,n/a,8/20/14,n/a,UNMIL - Situation Report,http://www.frontpageafricaonline.com/images/ebola/ebola_sitrep_unmil_aug22.pdf,Quarantine led by AFL taskforce.,
ID1057,Domestic,Liberia,West Point Slum (Monrovia),n/a,Area Blockade,Quarantine,Montserrado,LR11,Greater Monrovia,LR1103,Monrovia,LR1103207,8/20/2014,8/31/2014,Associated Press - Liberian Forces Seal Slum / Reuters - Celebration in Liberia slum as Ebola quarantine lifted,http://hosted.ap.org/dynamic/stories/E/EBOLA?SITE=AP&SECTION=HOME&TEMPLATE=DEFAULT&CTIME=2014-08-19-19-43-13,Quarantine was controversial within the slum.,
ID1058,Domestic,Liberia,Dolo Town,n/a,Area Blockade,Quarantine,Margibi,LR09,Firestone,LR0901,Firestone,LR0901172,8/20/2014,9/8/2014,Daily Mail - Quarantined Gunpoint / AllAfrica - Government lifts Quarantine and adjust curfew,http://www.dailymail.co.uk/news/article-2734106/Quarantined-gunpoint-desperate-hungry-ordeal-towns-quarantine-Ebola-epidemic.html,"Weapon guarded quarantine with 20,000 people inside but lifted due to positive results vis-à-vis ebola.",
ID1059,Domestic,Liberia,Voinjama City,n/a,Area Blockade,Restricted Movement,Lofa,LR08,Voinjama,LR0806,Upper Worker,LR0806167,8/6/2014,n/a,Monrovia Inquirer - AFL Launches Operation White Shield,http://monroviainquirer.com/2014/08/08/remain-where-you-are-for-21-days-says-defense-minister-as-afl-launches-operation-white-shield-several-commuters-stranded-at-klay-checkpoint/,Restricted movement of people.,
ID1060,Domestic,Liberia,Tubmanburg,n/a,Area Blockade,Restricted Movement,Bomi,LR01,Klay,LR0102,Senjeh ,LR0102010,8/6/2014,n/a,Heritage Liberia - No Access to Bomi,http://www.news.heritageliberia.net/index.php/inside-heritage/general-news/78-slides/3620-to-contain-ebola-no-access-to-bomi,Neighbourhood of Tubmanburg City has been quarantined following the discovery of dead bodies.,
ID1061,Domestic,Liberia,Bo Waterside Town,n/a,Area Blockade,Restricted Movement,Grand Cape Mount,LR05,Tewor,LR0505,Fahnbulleh ,LR0505076,8/6/2014,n/a,Monrovia Inquirer - AFL Launches Operation White Shield,http://monroviainquirer.com/2014/08/08/remain-where-you-are-for-21-days-says-defense-minister-as-afl-launches-operation-white-shield-several-commuters-stranded-at-klay-checkpoint/,Restricted movement of people and military presence. Order to shoot at Sierra Leones crossing the border.,
ID1062,Domestic,Liberia,Sinje Town,n/a,Area Blockade,Restricted Movement,Grand Cape Mount,LR05,Garwula,LR0502,Lower Garwula,LR0502068,8/6/2014,n/a,Monrovia Inquirer - AFL Launches Operation White Shield,http://monroviainquirer.com/2014/08/08/remain-where-you-are-for-21-days-says-defense-minister-as-afl-launches-operation-white-shield-several-commuters-stranded-at-klay-checkpoint/,Military presence.,
ID1063,Domestic,Liberia,Po River Town,n/a,Area Blockade,Restricted Movement,Montserrado,LR11,St. Paul River,LR1104,MISSING,MISSING,8/6/2014,n/a,Monrovia Inquirer - AFL Launches Operation White Shield,http://monroviainquirer.com/2014/08/08/remain-where-you-are-for-21-days-says-defense-minister-as-afl-launches-operation-white-shield-several-commuters-stranded-at-klay-checkpoint/,PRECISE LOCATION CURRENTLY UNKNOWN. Military presence.,
ID1064,Domestic,Liberia,Gbarkedu Town,n/a,Area Blockade,Quarantine,Lofa,LR08,Quardu Boundi,LR0803,MISSING,MISSING,8/6/2014,n/a,Monrovia Inquirer - AFL Launches Operation White Shield,http://monroviainquirer.com/2014/08/08/remain-where-you-are-for-21-days-says-defense-minister-as-afl-launches-operation-white-shield-several-commuters-stranded-at-klay-checkpoint/,Quarantined as one of the most affected towns in the epicentre border region.,
ID1065,Domestic,Liberia,Cheborken Town,n/a,Area Blockade,Quarantine,Sinoe,LR15,Jeadepo,LR1507,MISSING,MISSING,10/3/2014,n/a,Liberian Ministry of Health and Social Welfare - Situation Report,"http://www.mohsw.gov.lr/documents/Liberia%20Ebola%20Sit%20Rep%20141%20Oct%203rd,%202014.%20(1).pdf",PRECISE LOCATION CURRENTLY UNKNOWN. Quarantined by local authorities after their refusal to allow safe burial and specimen collection. ,
ID1066,Domestic,Liberia,Parluken Town,n/a,Area Blockade,Quarantine,Grand Kru,LR18,Buah,LR1830,Forpoh,LR1830138,9/26/2014,n/a,Acaps - Global Emergency Overview,http://reliefweb.int/sites/reliefweb.int/files/resources/geo_43.pdf,The Parluken community is under quarantine following the first reported Ebola cases in the area.,
ID1067,Domestic,Liberia,Gwee Town,n/a,Area Blockade,Quarantine,Montserrado,LR11,Todee,LR1149,Kpo,LR1149217,9/15/2014,n/a,UNDP - Ebola Virus Disease Situation Report,http://www.lr.undp.org/content/dam/liberia/docs/EBOLA%20INFORMATION/SITREPS/Ebola%20Sitreps%20on%20Liberia/Ebola%20SitRep%2015%2009%2014.pdf,Quarantined following the death of two persons (mother and child).,
ID1068,Domestic,Liberia,Nimba,n/a,Border Closure,Local Border Crossing,Nimba,LR12,n/a,n/a,n/a,n/a,8/17/2014,n/a,Daily Observer - Government Closes Nimba Grand Gedeh Boundary,http://www.liberianobserver.com/security/gov%E2%80%99t-closes-nimba-grand-gedeh-boundary,The border crossing between Grand Gedeh and Nimba is closed. Crossing at Cestor River closed with military presence.,
ID1069,Domestic,Liberia,Nimba,n/a,Border Closure,Local Border Crossing,Nimba,LR12,n/a,n/a,n/a,n/a,8/13/2014,n/a,Daily Observer - Government Closes Nimba Grand Gedeh Boundary,http://www.liberianobserver.com/security/gov%E2%80%99t-closes-nimba-grand-gedeh-boundary,The border crossing between Bong and Nimba (St Paul River) is closed.,
ID1070,Domestic,Liberia,Lofa,n/a,Border Closure,Local Border Crossing,Lofa,LR08,n/a,n/a,n/a,n/a,8/6/2014,n/a,Monrovia Inquirer - AFL Launches Operation White Shield,http://monroviainquirer.com/2014/08/08/remain-where-you-are-for-21-days-says-defense-minister-as-afl-launches-operation-white-shield-several-commuters-stranded-at-klay-checkpoint/,The border crossing between Lofa and Bong countries (St. Paul's Bridge) is closed with military checkpoint.,
ID1071,Domestic,Guinea,Guinea,n/a,National Law,Movement Order,n/a,n/a,n/a,n/a,n/a,n/a,9/18/2014,n/a,Africa Review - Guinea postpones reopening of schools / UN News Centre - UN budget committee approves funding,http://www.africareview.com/News/Guinea-postpones-reopening-of-schools-due-to-Ebola/-/979180/2445502/-/wwb4omz/-/index.html,"Government announces schools will not open for the new school year until ebola has subsided. Primary schools, secondary schools and universities are closed.",
ID1072,Domestic,Guinea,Guinea,n/a,National Law,Movement Order,n/a,n/a,n/a,n/a,n/a,n/a,8/13/2014,n/a,Guinea News - Health Emergency Declaration in Guinea,http://guineenews.org/letat-durgence-sanitaire-nationale-decrete-en-guinee-les-dix-consignes-des-autorites/,Guinea declares a state of emergency and non-specific 'cordon sanitaire' declared with restriction of movement mentioned.,
ID1073,Domestic,Guinea,Guinea,n/a,National Law,Movement Order,n/a,n/a,n/a,n/a,n/a,n/a,8/13/2014,n/a,Acaps - Global Emergency Overview,http://reliefweb.int/sites/reliefweb.int/files/resources/geo_43.pdf,Ban announced on moving bodies from own town to another until the end of the epidemic.,
ID1074,Domestic,Guinea,Macenta Ctre (City),n/a,Area Blockade,Restricted Movement,Nzerekore,GN08,Macenta,GN0804,Macenta Ctre (City),GN0804311,9/8/2014,n/a,News Observer - Ebola surging in,http://www.newsobserver.com/2014/09/08/4132833_ebola-is-surging-in-places-it.html?rh=1,Authorities restricting access.,
ID1075,Domestic,Guinea,Nzerekore Ctre (City),n/a,Area Blockade,Quarantine,Nzerekore,GN08,Nzerekore,GN0805,Nzerekore Ctre (City),GN0805324,8/29/2014,8/30/2014,"Polity - Ebola outbreak reaches Senegal, riots break out in Guinea",http://www.polity.org.za/article/ebola-outbreak-reaches-senegal-riots-break-out-in-guinea-2014-09-01,24-hour curfew imposed after riots broke out in response to health workers spraying market with disinfectant without notice.,
ID1076,Domestic,Guinea,Gueckedou,n/a,Area Blockade,Quarantine,Nzerekore,GN08,Gueckedou,GN0802,n/a,n/a,8/20/14,n/a,International SOS - Latest News ,https://www.internationalsos.com/ebola/index.cfm?content_id=407&language_id=ENG,WHO quarantine zone.,
ID1077,Domestic,Nigeria,Nigeria,n/a,National Law,Community Response,n/a,n/a,n/a,n/a,n/a,n/a,09/08/2014,20/10/2014,BBC - Nigiera declares national emergency,http://www.bbc.co.uk/news/world-africa-28715939,"Nigeria declares state of emergency and commits funds to containing Ebola outbreak. On 20 October, WHO declares Nigeria as Ebola-free.",
ID1078,Domestic,Nigeria,Nigeria,n/a,National Law,Movement Order,n/a,n/a,n/a,n/a,n/a,n/a,8/27/2014,9/22/2014,BBC - Nigeria closes all schools,http://www.bbc.co.uk/news/world-africa-28950347,The re-opening of schools was postponed until 22 September (earlier than original plan of 13 October) due to Ebola concerns.,
ID1079,Domestic,Nigeria,Lagos,n/a,National Law,Movement Order,Lagos,NG025,n/a,n/a,n/a,n/a,9/22/2014,10/8/2014,"Agence France-Presse - Most, but not all, of Nigeria’s students back to school after Ebola lay off",http://reliefweb.int/report/nigeria/most-not-all-nigerias-students-back-school-after-ebola-lay,School ban remains in Lagos until 8 October.,
ID1080,Domestic,Senegal,Senegal,n/a,National Law,Movement Order,n/a,n/a,n/a,n/a,n/a,n/a,9/3/2014,n/a,WFP - West and Central Africa,"http://reliefweb.int/sites/reliefweb.int/files/resources/West%20And%20Central%20Africa%20Market%20Update,%20Special%20Issue%20on%20the%20Ebola%20Outbreak,%2029%20September%202014.pdf",Senegal's Minister of Interior requested the closure of 16 weekly markets along the border with Guinea.,
ID1081,International,Guinea,Gueckedou,Liberia,Area Blockade,Quarantine,Nzerekore,GN08,Gueckedou,GN0802,n/a,n/a,8/1/2014,n/a,WHO - Ebola Virus Disease,http://www.afro.who.int/en/clusters-a-programmes/dpc/epidemic-a-pandemic-alert-and-response/outbreak-news/4239-ebola-virus-disease-west-africa-4-august-2014.html,Ebola affected countries agreed at an emergency summit to impose a cross-border isolation zone at the epicentre of the outbreak. Often termed 'unified sector'.,
ID1082,International,Liberia,Foya,Sierra Leone,Area Blockade,Quarantine,Lofa,LR08,Foya,LR0801,n/a,n/a,8/1/2014,n/a,WHO - Ebola Virus Disease,http://www.afro.who.int/en/clusters-a-programmes/dpc/epidemic-a-pandemic-alert-and-response/outbreak-news/4239-ebola-virus-disease-west-africa-4-august-2014.html,Ebola affected countries agreed at an emergency summit to impose a cross-border isolation zone at the epicentre of the outbreak. Often termed 'unified sector'.,
ID1083,International,Sierra Leone,Kenema,Guinea,Area Blockade,Quarantine,Eastern,SL01,Kenema,SL0102,n/a,n/a,8/1/2014,n/a,WHO - Ebola Virus Disease,http://www.afro.who.int/en/clusters-a-programmes/dpc/epidemic-a-pandemic-alert-and-response/outbreak-news/4239-ebola-virus-disease-west-africa-4-august-2014.html,Ebola affected countries agreed at an emergency summit to impose a cross-border isolation zone at the epicentre of the outbreak. Often termed 'unified sector'.,
ID1084,International,Liberia,Roberts International Airport,n/a,Border Closure,Flight Restrictions,n/a,n/a,n/a,n/a,n/a,n/a,8/6/2014,n/a,Government of Liberia - Brown Explains State of Emergency,http://micatliberia.com/index.php/ebola-update/946-brown-explains-state-of-emergency.html / http://www.logcluster.org/ops/ebola14,Roberts International Airport has limited services and suspended flights. All aircraft for Roberts International Airport must request a ground reservation at least 48 hours before arrival.,
ID1085,International,Guinea,n/a,Ivory Coast,Border Closure,Flight Restrictions,n/a,n/a,n/a,n/a,n/a,n/a,8/11/2014,9/26/2014,Reuters - Ivory Coast imposes travel restrictions as Ebola fears spread,http://uk.reuters.com/article/2014/08/12/uk-health-ebola-africa-idUKKBN0GB1TD20140812,Ivory Coast closed airports to flights to and from Ebola affected areas. Ivory coast has resumed flights.,
ID1086,International,Liberia,n/a,Ivory Coast,Border Closure,Flight Restrictions,n/a,n/a,n/a,n/a,n/a,n/a,8/11/2014,9/26/2014,Reuters - Ivory Coast imposes travel restrictions as Ebola fears spread,http://uk.reuters.com/article/2014/08/12/uk-health-ebola-africa-idUKKBN0GB1TD20140812,Ivory Coast closed airports to flights to and from Ebola affected areas. Ivory Coast has resumed flights.,
ID1087,International,Sierra Leone,n/a,Ivory Coast,Border Closure,Flight Restrictions,n/a,n/a,n/a,n/a,n/a,n/a,8/11/2014,9/26/2014,Reuters - Ivory Coast imposes travel restrictions as Ebola fears spread,http://uk.reuters.com/article/2014/08/12/uk-health-ebola-africa-idUKKBN0GB1TD20140812,Ivory Coast closed airports to flights to and from Ebola affected areas. Ivory Coast has resumed flights.,
ID1088,International,Guinea,n/a,Senegal,Border Closure,Flight Restrictions,n/a,n/a,n/a,n/a,n/a,n/a,8/21/2014,9/25/2014,International SOS - Travel security advisories - Flight bans and closures,https://www.internationalsos.com/ebola/index.cfm?content_id=435&language_id=ENG,"Senegal has closed air border to Guinea, Liberia and Sierra Leone. On 25/9/14 humanitarian air-bridge between Dakar, Senegal and three affected countries was opened. Special humanitarian passenger terminal constructed.",
ID1089,International,Liberia,n/a,Senegal,Border Closure,Flight Restrictions,n/a,n/a,n/a,n/a,n/a,n/a,8/21/2014,9/25/2014,International SOS - Travel security advisories - Flight bans and closures,https://www.internationalsos.com/ebola/index.cfm?content_id=435&language_id=ENG,"Senegal has closed air border to Guinea, Liberia and Sierra Leone. On 25/9/14 humanitarian air-bridge between Dakar, Senegal and three affected countries was opened. Special humanitarian passenger terminal constructed.",
ID1090,International,Sierra Leone,n/a,Senegal,Border Closure,Flight Restrictions,n/a,n/a,n/a,n/a,n/a,n/a,8/21/2014,9/25/2014,International SOS - Travel security advisories - Flight bans and closures,https://www.internationalsos.com/ebola/index.cfm?content_id=435&language_id=ENG,"Senegal has closed air border to Guinea, Liberia and Sierra Leone. On 25/9/14 humanitarian air-bridge between Dakar, Senegal and three affected countries was opened. Special humanitarian passenger terminal constructed.",
ID1091,International,Guinea,n/a,Zambia,Border Closure,Flight Restrictions,n/a,n/a,n/a,n/a,n/a,n/a,8/10/2014,n/a,Express - Zambia border controls,http://www.express.co.uk/news/world/497380/Ebola-Nigeria-Emergency-British-Airways-Goodluck-Jonathan-Kent-Brantly,Zambia bans nationals from travelling to affected countries and entry of travellers from affected region.,
ID1092,International,Liberia,n/a,Zambia,Border Closure,Flight Restrictions,n/a,n/a,n/a,n/a,n/a,n/a,8/10/2014,n/a,Express - Zambia border controls,http://www.express.co.uk/news/world/497380/Ebola-Nigeria-Emergency-British-Airways-Goodluck-Jonathan-Kent-Brantly,Zambia bans nationals from travelling to affected countries and entry of travellers from affected region.,
ID1093,International,Sierra Leone,n/a,Zambia,Border Closure,Flight Restrictions,n/a,n/a,n/a,n/a,n/a,n/a,8/10/2014,n/a,Express - Zambia border controls,http://www.express.co.uk/news/world/497380/Ebola-Nigeria-Emergency-British-Airways-Goodluck-Jonathan-Kent-Brantly,Zambia bans nationals from travelling to affected countries and entry of travellers from affected region.,
ID1094,International,Guinea,n/a,Chad,Border Closure,Flight Restrictions,n/a,n/a,n/a,n/a,n/a,n/a,8/21/2014,n/a,International SOS - Travel security advisories - Flight bans and closures,https://www.internationalsos.com/ebola/index.cfm?content_id=435&language_id=ENG,"Chad has suspended all flights from Guinea, Liberia and Sierra Leone.",
ID1095,International,Liberia ,n/a,Chad,Border Closure,Flight Restrictions,n/a,n/a,n/a,n/a,n/a,n/a,8/21/2014,n/a,International SOS - Travel security advisories - Flight bans and closures,https://www.internationalsos.com/ebola/index.cfm?content_id=435&language_id=ENG,"Chad has suspended all flights from Guinea, Liberia and Sierra Leone.",
ID1096,International,Sierra Leone,n/a,Chad,Border Closure,Flight Restrictions,n/a,n/a,n/a,n/a,n/a,n/a,8/21/2014,n/a,International SOS - Travel security advisories - Flight bans and closures,https://www.internationalsos.com/ebola/index.cfm?content_id=435&language_id=ENG,"Chad has suspended all flights from Guinea, Liberia and Sierra Leone.",
ID1097,International,Nigeria,n/a,Chad,Border Closure,Flight Restrictions,n/a,n/a,n/a,n/a,n/a,n/a,8/21/2014,n/a,International SOS - Travel security advisories - Flight bans and closures,https://www.internationalsos.com/ebola/index.cfm?content_id=435&language_id=ENG,Chad has suspended all flights from Nigeria.,
ID1098,International,Guinea,n/a,Cameroon,Border Closure,Flight Restrictions,n/a,n/a,n/a,n/a,n/a,n/a,8/18/2014,n/a,International SOS - Travel security advisories - Flight bans and closures,https://www.internationalsos.com/ebola/index.cfm?content_id=435&language_id=ENG,"Cameroon has suspended all flights to Guinea, Liberia and Sierra Leone.",
ID1099,International,Liberia ,n/a,Cameroon,Border Closure,Flight Restrictions,n/a,n/a,n/a,n/a,n/a,n/a,8/18/2014,n/a,International SOS - Travel security advisories - Flight bans and closures,https://www.internationalsos.com/ebola/index.cfm?content_id=435&language_id=ENG,"Cameroon has suspended all flights to Guinea, Liberia and Sierra Leone.",
ID1100,International,Sierra Leone,n/a,Cameroon,Border Closure,Flight Restrictions,n/a,n/a,n/a,n/a,n/a,n/a,8/18/2014,n/a,International SOS - Travel security advisories - Flight bans and closures,https://www.internationalsos.com/ebola/index.cfm?content_id=435&language_id=ENG,"Cameroon has suspended all flights to Guinea, Liberia and Sierra Leone.",
ID1101,International,Nigeria,n/a,Cameroon,Border Closure,Flight Restrictions,n/a,n/a,n/a,n/a,n/a,n/a,8/18/2014,n/a,International SOS - Travel security advisories - Flight bans and closures,https://www.internationalsos.com/ebola/index.cfm?content_id=435&language_id=ENG,Cameroon has suspended all flights from Nigeria.,
ID1102,International,Senegal,n/a,Cameroon,Border Closure,Flight Restrictions,n/a,n/a,n/a,n/a,n/a,n/a,8/18/2014,9/17/2014,International SOS - Travel security advisories - Flight bans and closures,https://www.internationalsos.com/ebola/index.cfm?content_id=435&language_id=ENG,Cameroon has lifted ban on travellers from Senegal.,
ID1103,International,Guinea,n/a,South Sudan,Border Closure,Flight Restrictions,n/a,n/a,n/a,n/a,n/a,n/a,8/14/2014,n/a,South Sudan US Embassy - Travel Advisory Security Message for U.S. Citizens,http://southsudan.usembassy.gov/sm81414.html,"South Sudan has suspended all flights to and from Guinea, Liberia and Sierra Leone.",
ID1104,International,Liberia ,n/a,South Sudan,Border Closure,Flight Restrictions,n/a,n/a,n/a,n/a,n/a,n/a,8/14/2014,n/a,South Sudan US Embassy - Travel Advisory Security Message for U.S. Citizens,http://southsudan.usembassy.gov/sm81414.html,"South Sudan has suspended all flights to and from Guinea, Liberia and Sierra Leone.",
ID1105,International,Sierra Leone,n/a,South Sudan,Border Closure,Flight Restrictions,n/a,n/a,n/a,n/a,n/a,n/a,8/14/2014,n/a,South Sudan US Embassy - Travel Advisory Security Message for U.S. Citizens,http://southsudan.usembassy.gov/sm81414.html,"South Sudan has suspended all flights to and from Guinea, Liberia and Sierra Leone.",
ID1106,International,Guinea,n/a,Namibia,Border Closure,Flight Restrictions,n/a,n/a,n/a,n/a,n/a,n/a,9/11/2014,n/a,International SOS - Travel security advisories - Flight bans and closures,https://www.internationalsos.com/ebola/index.cfm?content_id=435&language_id=ENG,Namibia banned entry to travellers from Ebola affected countries.,
ID1107,International,Liberia ,n/a,Namibia,Border Closure,Flight Restrictions,n/a,n/a,n/a,n/a,n/a,n/a,9/11/2014,n/a,International SOS - Travel security advisories - Flight bans and closures,https://www.internationalsos.com/ebola/index.cfm?content_id=435&language_id=ENG,Namibia banned entry to travellers from Ebola affected countries.,
ID1108,International,Sierra Leone,n/a,Namibia,Border Closure,Flight Restrictions,n/a,n/a,n/a,n/a,n/a,n/a,9/11/2014,n/a,International SOS - Travel security advisories - Flight bans and closures,https://www.internationalsos.com/ebola/index.cfm?content_id=435&language_id=ENG,Namibia banned entry to travellers from Ebola affected countries.,
ID1109,International,Guinea,n/a,Gambia,Border Closure,Flight Restrictions,n/a,n/a,n/a,n/a,n/a,n/a,9/1/2014,n/a,International SOS - Travel security advisories - Flight bans and closures,https://www.internationalsos.com/ebola/index.cfm?content_id=435&language_id=ENG,"Gambia banned entry to travellers from Guinea, Liberia and Sierra Leone in the 21 days prior to travel.",
ID1110,International,Liberia ,n/a,Gambia,Border Closure,Flight Restrictions,n/a,n/a,n/a,n/a,n/a,n/a,9/1/2014,n/a,International SOS - Travel security advisories - Flight bans and closures,https://www.internationalsos.com/ebola/index.cfm?content_id=435&language_id=ENG,"Gambia banned entry to travellers from Guinea, Liberia and Sierra Leone in the 21 days prior to travel.",
ID1111,International,Sierra Leone,n/a,Gambia,Border Closure,Flight Restrictions,n/a,n/a,n/a,n/a,n/a,n/a,9/1/2014,n/a,International SOS - Travel security advisories - Flight bans and closures,https://www.internationalsos.com/ebola/index.cfm?content_id=435&language_id=ENG,"Gambia banned entry to travellers from Guinea, Liberia and Sierra Leone in the 21 days prior to travel.",
ID1112,International,Nigeria,n/a,Gambia,Border Closure,Flight Restrictions,n/a,n/a,n/a,n/a,n/a,n/a,9/1/2014,n/a,International SOS - Travel security advisories - Flight bans and closures,https://www.internationalsos.com/ebola/index.cfm?content_id=435&language_id=ENG,Gambia banned entry to travellers from Nigeria in the 21 days prior to travel.,
ID1113,International,Guinea,n/a,Cape Verde,Border Closure,Flight Restrictions,n/a,n/a,n/a,n/a,n/a,n/a,8/19/2014,n/a,International SOS - Travel security advisories - Flight bans and closures,https://www.internationalsos.com/ebola/index.cfm?content_id=435&language_id=ENG,"Cape Verde banned entry to travellers from Guinea, Liberia and Sierra Leone for three months.",
ID1114,International,Liberia ,n/a,Cape Verde,Border Closure,Flight Restrictions,n/a,n/a,n/a,n/a,n/a,n/a,8/19/2014,n/a,International SOS - Travel security advisories - Flight bans and closures,https://www.internationalsos.com/ebola/index.cfm?content_id=435&language_id=ENG,"Cape Verde banned entry to travellers from Guinea, Liberia and Sierra Leone for three months.",
ID1115,International,Sierra Leone,n/a,Cape Verde,Border Closure,Flight Restrictions,n/a,n/a,n/a,n/a,n/a,n/a,8/19/2014,n/a,International SOS - Travel security advisories - Flight bans and closures,https://www.internationalsos.com/ebola/index.cfm?content_id=435&language_id=ENG,"Cape Verde banned entry to travellers from Guinea, Liberia and Sierra Leone for three months.",
ID1116,International,Nigeria,n/a,Cape Verde,Border Closure,Flight Restrictions,n/a,n/a,n/a,n/a,n/a,n/a,8/19/2014,n/a,International SOS - Travel security advisories - Flight bans and closures,https://www.internationalsos.com/ebola/index.cfm?content_id=435&language_id=ENG,Cape Verde banned entry to travellers from Nigeria for three months.,
ID1117,International,Guinea,n/a,Rwanda,Border Closure,Flight Restrictions,n/a,n/a,n/a,n/a,n/a,n/a,8/22/2014,n/a,International SOS - Travel security advisories - Flight bans and closures,https://www.internationalsos.com/ebola/index.cfm?content_id=435&language_id=ENG,"Rwanda has banned entry to travellers who have visited Guinea, Liberia or Sierra Leone in the 22 days prior to travel.",
ID1118,International,Liberia ,n/a,Rwanda,Border Closure,Flight Restrictions,n/a,n/a,n/a,n/a,n/a,n/a,8/22/2014,n/a,International SOS - Travel security advisories - Flight bans and closures,https://www.internationalsos.com/ebola/index.cfm?content_id=435&language_id=ENG,"Rwanda has banned entry to travellers who have visited Guinea, Liberia or Sierra Leone in the 22 days prior to travel.",
ID1119,International,Sierra Leone,n/a,Rwanda,Border Closure,Flight Restrictions,n/a,n/a,n/a,n/a,n/a,n/a,8/22/2014,n/a,International SOS - Travel security advisories - Flight bans and closures,https://www.internationalsos.com/ebola/index.cfm?content_id=435&language_id=ENG,"Rwanda has banned entry to travellers who have visited Guinea, Liberia or Sierra Leone in the 22 days prior to travel.",
ID1120,International,Guinea,n/a,South Africa,Border Closure,Flight Restrictions,n/a,n/a,n/a,n/a,n/a,n/a,8/21/2014,n/a,International SOS - Travel security advisories - Flight bans and closures,https://www.internationalsos.com/ebola/index.cfm?content_id=435&language_id=ENG,"South Africa restricted entry to all non-citizens travelling from Guinea, Liberia and Sierra Leone although assured that this could be waived for 'absolutely essential travel'.",
ID1121,International,Liberia ,n/a,South Africa,Border Closure,Flight Restrictions,n/a,n/a,n/a,n/a,n/a,n/a,8/21/2014,n/a,International SOS - Travel security advisories - Flight bans and closures,https://www.internationalsos.com/ebola/index.cfm?content_id=435&language_id=ENG,"South Africa restricted entry to all non-citizens travelling from Guinea, Liberia and Sierra Leone although assured that this could be waived for 'absolutely essential travel'.",
ID1122,International,Sierra Leone,n/a,South Africa,Border Closure,Flight Restrictions,n/a,n/a,n/a,n/a,n/a,n/a,8/21/2014,n/a,International SOS - Travel security advisories - Flight bans and closures,https://www.internationalsos.com/ebola/index.cfm?content_id=435&language_id=ENG,"South Africa restricted entry to all non-citizens travelling from Guinea, Liberia and Sierra Leone although assured that this could be waived for 'absolutely essential travel'.",
ID1123,International,Guinea,n/a,Kenya,Border Closure,Flight Restrictions,n/a,n/a,n/a,n/a,n/a,n/a,8/19/2014,n/a,International SOS - Travel security advisories - Flight bans and closures,https://www.internationalsos.com/ebola/index.cfm?content_id=435&language_id=ENG,"Kenya has suspended entry of travellers from Guinea, Liberia and Sierra Leone excluding health professionals supporting Ebola response and/or Kenyan citizens.",
ID1124,International,Liberia ,n/a,Kenya,Border Closure,Flight Restrictions,n/a,n/a,n/a,n/a,n/a,n/a,8/19/2014,n/a,International SOS - Travel security advisories - Flight bans and closures,https://www.internationalsos.com/ebola/index.cfm?content_id=435&language_id=ENG,"Kenya has suspended entry of travellers from Guinea, Liberia and Sierra Leone excluding health professionals supporting Ebola response and/or Kenyan citizens.",
ID1125,International,Sierra Leone,n/a,Kenya,Border Closure,Flight Restrictions,n/a,n/a,n/a,n/a,n/a,n/a,8/19/2014,n/a,International SOS - Travel security advisories - Flight bans and closures,https://www.internationalsos.com/ebola/index.cfm?content_id=435&language_id=ENG,"Kenya has suspended entry of travellers from Guinea, Liberia and Sierra Leone excluding health professionals supporting Ebola response and/or Kenyan citizens.",
ID1126,International,Guinea,n/a,Gabon,Border Closure,Flight Restrictions,n/a,n/a,n/a,n/a,n/a,n/a,8/22/2014,n/a,International SOS - Travel security advisories - Flight bans and closures,https://www.internationalsos.com/ebola/index.cfm?content_id=435&language_id=ENG,Gabon has banned all flights from countries affected by Ebola.,
ID1127,International,Liberia ,n/a,Gabon,Border Closure,Flight Restrictions,n/a,n/a,n/a,n/a,n/a,n/a,8/22/2014,n/a,International SOS - Travel security advisories - Flight bans and closures,https://www.internationalsos.com/ebola/index.cfm?content_id=435&language_id=ENG,Gabon has banned all flights from countries affected by Ebola.,
ID1128,International,Sierra Leone,n/a,Gabon,Border Closure,Flight Restrictions,n/a,n/a,n/a,n/a,n/a,n/a,8/22/2014,n/a,International SOS - Travel security advisories - Flight bans and closures,https://www.internationalsos.com/ebola/index.cfm?content_id=435&language_id=ENG,Gabon has banned all flights from countries affected by Ebola.,
ID1129,International,Guinea,n/a,Belize,Border Closure,Flight Restrictions,n/a,n/a,n/a,n/a,n/a,n/a,10/18/2014,n/a,International SOS - Travel security advisories - Flight bans and closures,https://www.internationalsos.com/ebola/index.cfm?content_id=435&language_id=ENG,Belize has barred entry to nationals from Ebola affected countries or travellers that have visited these countries in the past 30 days.,
ID1130,International,Liberia ,n/a,Belize,Border Closure,Flight Restrictions,n/a,n/a,n/a,n/a,n/a,n/a,10/18/2014,n/a,International SOS - Travel security advisories - Flight bans and closures,https://www.internationalsos.com/ebola/index.cfm?content_id=435&language_id=ENG,Belize has barred entry to nationals from Ebola affected countries or travellers that have visited these countries in the past 30 days.,
ID1131,International,Sierra Leone,n/a,Belize,Border Closure,Flight Restrictions,n/a,n/a,n/a,n/a,n/a,n/a,10/18/2014,n/a,International SOS - Travel security advisories - Flight bans and closures,https://www.internationalsos.com/ebola/index.cfm?content_id=435&language_id=ENG,Belize has barred entry to nationals from Ebola affected countries or travellers that have visited these countries in the past 30 days.,
ID1132,International,Nigeria,n/a,Belize,Border Closure,Flight Restrictions,n/a,n/a,n/a,n/a,n/a,n/a,10/18/2014,n/a,International SOS - Travel security advisories - Flight bans and closures,https://www.internationalsos.com/ebola/index.cfm?content_id=435&language_id=ENG,Belize has barred entry to nationals from Ebola affected countries or travellers that have visited these countries in the past 30 days.,
ID1133,International,Guinea,n/a,Antigua and Barbuda,Border Closure,Flight Restrictions,n/a,n/a,n/a,n/a,n/a,n/a,10/17/2014,n/a,International SOS - Travel security advisories - Flight bans and closures,https://www.internationalsos.com/ebola/index.cfm?content_id=435&language_id=ENG,"Antigua and Barbuda has barred entry to nationals from Guinea, Liberia and Sierra Leone and any travellers that have visited these countries in the past 21 days.",
ID1134,International,Liberia ,n/a,Antigua and Barbuda,Border Closure,Flight Restrictions,n/a,n/a,n/a,n/a,n/a,n/a,10/17/2014,n/a,International SOS - Travel security advisories - Flight bans and closures,https://www.internationalsos.com/ebola/index.cfm?content_id=435&language_id=ENG,"Antigua and Barbuda has barred entry to nationals from Guinea, Liberia and Sierra Leone and any travellers that have visited these countries in the past 21 days.",
ID1135,International,Sierra Leone,n/a,Antigua and Barbuda,Border Closure,Flight Restrictions,n/a,n/a,n/a,n/a,n/a,n/a,10/17/2014,n/a,International SOS - Travel security advisories - Flight bans and closures,https://www.internationalsos.com/ebola/index.cfm?content_id=435&language_id=ENG,"Antigua and Barbuda has barred entry to nationals from Guinea, Liberia and Sierra Leone and any travellers that have visited these countries in the past 21 days.",
ID1136,International,Guinea,n/a,Trinidad and Tobago,Border Closure,Flight Restrictions,n/a,n/a,n/a,n/a,n/a,n/a,10/16/2014,n/a,International SOS - Travel security advisories - Flight bans and closures,https://www.internationalsos.com/ebola/index.cfm?content_id=435&language_id=ENG,"Trinidad and Tobago denying entry to nationals of Guinea, Liberia, Nigeria and Sierra Leone and any travellers that have visited these countries in the past six weeks will be quarantined for 21 days upon arrival.",
ID1137,International,Liberia ,n/a,Trinidad and Tobago,Border Closure,Flight Restrictions,n/a,n/a,n/a,n/a,n/a,n/a,10/16/2014,n/a,International SOS - Travel security advisories - Flight bans and closures,https://www.internationalsos.com/ebola/index.cfm?content_id=435&language_id=ENG,"Trinidad and Tobago denying entry to nationals of Guinea, Liberia, Nigeria and Sierra Leone and any travellers that have visited these countries in the past six weeks will be quarantined for 21 days upon arrival.",
ID1138,International,Sierra Leone,n/a,Trinidad and Tobago,Border Closure,Flight Restrictions,n/a,n/a,n/a,n/a,n/a,n/a,10/16/2014,n/a,International SOS - Travel security advisories - Flight bans and closures,https://www.internationalsos.com/ebola/index.cfm?content_id=435&language_id=ENG,"Trinidad and Tobago denying entry to nationals of Guinea, Liberia, Nigeria and Sierra Leone and any travellers that have visited these countries in the past six weeks will be quarantined for 21 days upon arrival.",
ID1139,International,Nigeria,n/a,Trinidad and Tobago,Border Closure,Flight Restrictions,n/a,n/a,n/a,n/a,n/a,n/a,10/16/2014,n/a,International SOS - Travel security advisories - Flight bans and closures,https://www.internationalsos.com/ebola/index.cfm?content_id=435&language_id=ENG,"Trinidad and Tobago denying entry to nationals of Guinea, Liberia, Nigeria and Sierra Leone and any travellers that have visited these countries in the past six weeks will be quarantined for 21 days upon arrival.",
ID1140,International,Guinea,n/a,Guyana,Border Closure,Flight Restrictions,n/a,n/a,n/a,n/a,n/a,n/a,10/16/2014,n/a,International SOS - Travel security advisories - Flight bans and closures,https://www.internationalsos.com/ebola/index.cfm?content_id=435&language_id=ENG,"Guyana is not issuing visas to nationals from Guinea, Liberia, Sierra Leone and Nigeria.",
ID1141,International,Liberia ,n/a,Guyana,Border Closure,Flight Restrictions,n/a,n/a,n/a,n/a,n/a,n/a,10/16/2014,n/a,International SOS - Travel security advisories - Flight bans and closures,https://www.internationalsos.com/ebola/index.cfm?content_id=435&language_id=ENG,"Guyana is not issuing visas to nationals from Guinea, Liberia, Sierra Leone and Nigeria.",
ID1142,International,Sierra Leone,n/a,Guyana,Border Closure,Flight Restrictions,n/a,n/a,n/a,n/a,n/a,n/a,10/16/2014,n/a,International SOS - Travel security advisories - Flight bans and closures,https://www.internationalsos.com/ebola/index.cfm?content_id=435&language_id=ENG,"Guyana is not issuing visas to nationals from Guinea, Liberia, Sierra Leone and Nigeria.",
ID1143,International,Nigeria,n/a,Guyana,Border Closure,Flight Restrictions,n/a,n/a,n/a,n/a,n/a,n/a,10/16/2014,n/a,International SOS - Travel security advisories - Flight bans and closures,https://www.internationalsos.com/ebola/index.cfm?content_id=435&language_id=ENG,"Guyana is not issuing visas to nationals from Guinea, Liberia, Sierra Leone and Nigeria.",
ID1144,International,Guinea,n/a,Jamaica,Border Closure,Flight Restrictions,n/a,n/a,n/a,n/a,n/a,n/a,10/16/2014,n/a,International SOS - Travel security advisories - Flight bans and closures,https://www.internationalsos.com/ebola/index.cfm?content_id=435&language_id=ENG,"Kenya imposed ban on entry to travellers arriving from Guinea, Liberia and Sierra Leone and those that have visited within four weeks prior to arrival.",
ID1145,International,Liberia ,n/a,Jamaica,Border Closure,Flight Restrictions,n/a,n/a,n/a,n/a,n/a,n/a,10/16/2014,n/a,International SOS - Travel security advisories - Flight bans and closures,https://www.internationalsos.com/ebola/index.cfm?content_id=435&language_id=ENG,"Kenya imposed ban on entry to travellers arriving from Guinea, Liberia and Sierra Leone and those that have visited within four weeks prior to arrival.",
ID1146,International,Sierra Leone,n/a,Jamaica,Border Closure,Flight Restrictions,n/a,n/a,n/a,n/a,n/a,n/a,10/16/2014,n/a,International SOS - Travel security advisories - Flight bans and closures,https://www.internationalsos.com/ebola/index.cfm?content_id=435&language_id=ENG,"Kenya imposed ban on entry to travellers arriving from Guinea, Liberia and Sierra Leone and those that have visited within four weeks prior to arrival.",
ID1147,International,Guinea,n/a,Colombia,Border Closure,Flight Restrictions,n/a,n/a,n/a,n/a,n/a,n/a,10/14/2014,n/a,International SOS - Travel security advisories - Flight bans and closures,https://www.internationalsos.com/ebola/index.cfm?content_id=435&language_id=ENG,"Colombia banned entry to travellers that have visited Guinea, Liberia, Nigeria, Senegal and Sierra Leone in the past four weeks. The restriction would also reportedly apply to Colombian nationals.",
ID1148,International,Liberia ,n/a,Colombia,Border Closure,Flight Restrictions,n/a,n/a,n/a,n/a,n/a,n/a,10/14/2014,n/a,International SOS - Travel security advisories - Flight bans and closures,https://www.internationalsos.com/ebola/index.cfm?content_id=435&language_id=ENG,"Colombia banned entry to travellers that have visited Guinea, Liberia, Nigeria, Senegal and Sierra Leone in the past four weeks. The restriction would also reportedly apply to Colombian nationals.",
ID1149,International,Sierra Leone,n/a,Colombia,Border Closure,Flight Restrictions,n/a,n/a,n/a,n/a,n/a,n/a,10/14/2014,n/a,International SOS - Travel security advisories - Flight bans and closures,https://www.internationalsos.com/ebola/index.cfm?content_id=435&language_id=ENG,"Colombia banned entry to travellers that have visited Guinea, Liberia, Nigeria, Senegal and Sierra Leone in the past four weeks. The restriction would also reportedly apply to Colombian nationals.",
ID1150,International,Nigeria,n/a,Colombia,Border Closure,Flight Restrictions,n/a,n/a,n/a,n/a,n/a,n/a,10/14/2014,n/a,International SOS - Travel security advisories - Flight bans and closures,https://www.internationalsos.com/ebola/index.cfm?content_id=435&language_id=ENG,"Colombia banned entry to travellers that have visited Guinea, Liberia, Nigeria, Senegal and Sierra Leone in the past four weeks. The restriction would also reportedly apply to Colombian nationals.",
ID1151,International,Senegal,n/a,Colombia,Border Closure,Flight Restrictions,n/a,n/a,n/a,n/a,n/a,n/a,10/14/2014,n/a,International SOS - Travel security advisories - Flight bans and closures,https://www.internationalsos.com/ebola/index.cfm?content_id=435&language_id=ENG,"Colombia banned entry to travellers that have visited Guinea, Liberia, Nigeria, Senegal and Sierra Leone in the past four weeks. The restriction would also reportedly apply to Colombian nationals.",
ID1152,International,Guinea,n/a,Mauritius,Border Closure,Flight Restrictions,n/a,n/a,n/a,n/a,n/a,n/a,10/8/2014,n/a,International SOS - Travel security advisories - Flight bans and closures,https://www.internationalsos.com/ebola/index.cfm?content_id=435&language_id=ENG,"Mauritius banned entry to all travellers that have visited Nigeria, Sierra Leone, Guinea, Liberia and Senegal in the last two months. The authorities have announced that entry restrictions for travellers from Senegal and Nigeria will be lifted on 10 Oct and 17 Oct respectively if not further cases of Ebola are reported.",
ID1153,International,Liberia ,n/a,Mauritius,Border Closure,Flight Restrictions,n/a,n/a,n/a,n/a,n/a,n/a,10/8/2014,n/a,International SOS - Travel security advisories - Flight bans and closures,https://www.internationalsos.com/ebola/index.cfm?content_id=435&language_id=ENG,"Mauritius banned entry to all travellers that have visited Nigeria, Sierra Leone, Guinea, Liberia and Senegal in the last two months. The authorities have announced that entry restrictions for travellers from Senegal and Nigeria will be lifted on 10 Oct and 17 Oct respectively if not further cases of Ebola are reported.",
ID1154,International,Sierra Leone,n/a,Mauritius,Border Closure,Flight Restrictions,n/a,n/a,n/a,n/a,n/a,n/a,10/8/2014,n/a,International SOS - Travel security advisories - Flight bans and closures,https://www.internationalsos.com/ebola/index.cfm?content_id=435&language_id=ENG,"Mauritius banned entry to all travellers that have visited Nigeria, Sierra Leone, Guinea, Liberia and Senegal in the last two months. The authorities have announced that entry restrictions for travellers from Senegal and Nigeria will be lifted on 10 Oct and 17 Oct respectively if not further cases of Ebola are reported.",
ID1155,International,Nigeria,n/a,Mauritius,Border Closure,Flight Restrictions,n/a,n/a,n/a,n/a,n/a,n/a,10/8/2014,n/a,International SOS - Travel security advisories - Flight bans and closures,https://www.internationalsos.com/ebola/index.cfm?content_id=435&language_id=ENG,"Mauritius banned entry to all travellers that have visited Nigeria, Sierra Leone, Guinea, Liberia and Senegal in the last two months. The authorities have announced that entry restrictions for travellers from Senegal and Nigeria will be lifted on 10 Oct and 17 Oct respectively if not further cases of Ebola are reported.",
ID1156,International,Senegal,n/a,Mauritius,Border Closure,Flight Restrictions,n/a,n/a,n/a,n/a,n/a,n/a,10/8/2014,n/a,International SOS - Travel security advisories - Flight bans and closures,https://www.internationalsos.com/ebola/index.cfm?content_id=435&language_id=ENG,"Mauritius banned entry to all travellers that have visited Nigeria, Sierra Leone, Guinea, Liberia and Senegal in the last two months. The authorities have announced that entry restrictions for travellers from Senegal and Nigeria will be lifted on 10 Oct and 17 Oct respectively if not further cases of Ebola are reported.",
ID1157,International,Guinea,n/a,Seychelles,Border Closure,Flight Restrictions,n/a,n/a,n/a,n/a,n/a,n/a,10/8/2014,n/a,International SOS - Travel security advisories - Flight bans and closures,https://www.internationalsos.com/ebola/index.cfm?content_id=435&language_id=ENG,"Seychelles suspended entry to travellers that have visited Sierra Leone, Liberia, Guinea-Bissau, Guinea or Nigeria 28 days prior to their journey, with the exception of Seychellois citizens.",
ID1158,International,Liberia ,n/a,Seychelles,Border Closure,Flight Restrictions,n/a,n/a,n/a,n/a,n/a,n/a,10/8/2014,n/a,International SOS - Travel security advisories - Flight bans and closures,https://www.internationalsos.com/ebola/index.cfm?content_id=435&language_id=ENG,"Seychelles suspended entry to travellers that have visited Sierra Leone, Liberia, Guinea-Bissau, Guinea or Nigeria 28 days prior to their journey, with the exception of Seychellois citizens.",
ID1159,International,Sierra Leone,n/a,Seychelles,Border Closure,Flight Restrictions,n/a,n/a,n/a,n/a,n/a,n/a,10/8/2014,n/a,International SOS - Travel security advisories - Flight bans and closures,https://www.internationalsos.com/ebola/index.cfm?content_id=435&language_id=ENG,"Seychelles suspended entry to travellers that have visited Sierra Leone, Liberia, Guinea-Bissau, Guinea or Nigeria 28 days prior to their journey, with the exception of Seychellois citizens.",
ID1160,International,Nigeria,n/a,Seychelles,Border Closure,Flight Restrictions,n/a,n/a,n/a,n/a,n/a,n/a,10/8/2014,n/a,International SOS - Travel security advisories - Flight bans and closures,https://www.internationalsos.com/ebola/index.cfm?content_id=435&language_id=ENG,"Seychelles suspended entry to travellers that have visited Sierra Leone, Liberia, Guinea-Bissau, Guinea or Nigeria 28 days prior to their journey, with the exception of Seychellois citizens.",
ID1161,International,Guinea-Bissau,n/a,Seychelles,Border Closure,Flight Restrictions,n/a,n/a,n/a,n/a,n/a,n/a,10/8/2014,n/a,International SOS - Travel security advisories - Flight bans and closures,https://www.internationalsos.com/ebola/index.cfm?content_id=435&language_id=ENG,"Seychelles suspended entry to travellers that have visited Sierra Leone, Liberia, Guinea-Bissau, Guinea or Nigeria 28 days prior to their journey, with the exception of Seychellois citizens.",
ID1162,International,North Korea,n/a,n/a,Border Closure,Flight Restrictions,n/a,n/a,n/a,n/a,n/a,n/a,10/24/2014,n/a,International SOS - Travel security advisories - Flight bans and closures,https://www.internationalsos.com/ebola/index.cfm?content_id=435&language_id=ENG,North Korea has banned entry to all foreign tourists over Ebola-related fears.,
ID1163,International,Guinea,n/a,Senegal,Border Closure,Land Border,n/a,n/a,n/a,n/a,n/a,n/a,8/21/2014,n/a,BBC News - Senegal Defends Guinea Border Closure,http://www.bbc.co.uk/news/world-africa-28893835,Senegal has re-closed land border with Guinea. Originally closed in February 2014 but then re-opened in May 2014. Supposedly humanitarian transport is allowed through but this has been disputed by those in the field.,
ID1164,International,Liberia,n/a,Sierra Leone,Border Closure,Land Border,n/a,n/a,n/a,n/a,n/a,n/a,7/27/2014,n/a,FCO - Foreign Travel Advice Liberia,https://www.gov.uk/foreign-travel-advice/liberia,"All borders closed except for three: one into sierra leone (Bo Waterside Crossing), one into guinea (Foya Crossing) and one that crosses both (Ganta Crossing).",
ID1165,International,Liberia,n/a,Guinea,Border Closure,Land Border,n/a,n/a,n/a,n/a,n/a,n/a,7/27/2014,n/a,FCO - Foreign Travel Advice Liberia,https://www.gov.uk/foreign-travel-advice/liberia,"All borders closed except for three: one into sierra leone (Bo Waterside Crossing), one into guinea (Foya Crossing) and one that crosses both (Ganta Crossing).",
ID1166,International,Liberia,n/a,Ivory Coast,Border Closure,Land Border,n/a,n/a,n/a,n/a,n/a,n/a,7/27/2014,n/a,FCO - Foreign Travel Advice Liberia,https://www.gov.uk/foreign-travel-advice/liberia,"All borders closed except for three: one into sierra leone (Bo Waterside Crossing), one into guinea (Foya Crossing) and one that crosses both (Ganta Crossing).",
ID1167,International,Liberia,n/a,Sierra Leone,Border Closure,Land Border,n/a,n/a,n/a,n/a,n/a,n/a,9/1/2014,n/a,FCO - Foreign Travel Advice Liberia,https://www.gov.uk/foreign-travel-advice/liberia,The Bo Waterside Crossing to Sierra Leone and the Foya Crossing to Guinea are now also closed.,
ID1168,International,Liberia,n/a,Guinea,Border Closure,Land Border,n/a,n/a,n/a,n/a,n/a,n/a,9/1/2014,n/a,FCO - Foreign Travel Advice Liberia,https://www.gov.uk/foreign-travel-advice/liberia,The Bo Waterside Crossing to Sierra Leone and the Foya Crossing to Guinea are now also closed.,
ID1169,International,Guinea,n/a,Ivory Coast,Border Closure,Land Border,n/a,n/a,n/a,n/a,n/a,n/a,8/23/2014,n/a,AF Reuters - Ivory Coast Closes Border,http://af.reuters.com/article/guineaNews/idAFL5N0QT0CQ20140823,Ivory Coast closes land border with Liberia and Guinea and all official entry points into Liberia and Guinea are closed. Announced opening of 'humanitarian corridor' on 1/9/14.,
ID1170,International,Liberia,n/a,Ivory Coast,Border Closure,Land Border,n/a,n/a,n/a,n/a,n/a,n/a,8/23/2014,n/a,AF Reuters - Ivory Coast Closes Border,http://af.reuters.com/article/guineaNews/idAFL5N0QT0CQ20140823,Ivory Coast closes land border with Liberia and Guinea and all official entry points into Liberia and Guinea are closed. Announced opening of 'humanitarian corridor' on 1/9/14.,
ID1171,International,Guinea,n/a,Liberia,Border Closure,Land Border,n/a,n/a,n/a,n/a,n/a,n/a,8/9/2014,n/a,The Guardian - Guinea Closes Borders / Xinhuanet - Guinea Sets Up Anti-Ebola Measures,http://www.theguardian.com/society/2014/aug/09/ebola-guinea-sierra-leone-liberia,Guinea closes land borders with Sierra Leone and Liberia. Guinean government plans to set up 15 health control points along these borders.,
ID1172,International,Guinea,n/a,Sierra Leone,Border Closure,Land Border,n/a,n/a,n/a,n/a,n/a,n/a,8/9/2014,n/a,The Guardian - Guinea Closes Borders / Xinhuanet - Guinea Sets Up Anti-Ebola Measures,http://www.theguardian.com/society/2014/aug/09/ebola-guinea-sierra-leone-liberia,Guinea closes land borders with Sierra Leone and Liberia. Guinean government plans to set up 15 health control points along these borders.,
ID1173,International,Guinea,n/a,Guinea-Bissau,Border Closure,Land Border,n/a,n/a,n/a,n/a,n/a,n/a,8/12/2014,n/a,Reuters - Guinea-Bissau closes border with Guinea,http://news.yahoo.com/guinea-bissau-says-closes-border-guinea-over-ebola-111417379.html,Guinea-Bissau closes land border with Guinea.,
ID1174,International,Nigeria,n/a,Chad,Border Closure,Land Border,n/a,n/a,n/a,n/a,n/a,n/a,8/21/2014,9/20/2014,ITV - Chad to close borders with Nigeria in bid to stop Ebola / OCHA - West and Central Africa Region Weekly Regional Humanitarian Snapshot,http://www.itv.com/news/update/2014-08-21/chad-to-close-borders-with-nigeria-in-bid-to-stop-ebola/,"Chad closed land border with Nigeria at Lake Chad. On 20/9/14, Chad opened a corridor along the border with Nigeria to permit trade between the two countries.",
ID1175,International,Nigeria,n/a,Cameroon,Border Closure,Land Border,n/a,n/a,n/a,n/a,n/a,n/a,8/19/2014,n/a,IRIN - West Africa gears up to contain Ebola spread,http://reliefweb.int/report/senegal/west-africa-gears-contain-ebola-spread,Cameroon closed land border with Nigeria. Note refugees fleeing Boko Haram attacks have been crossing the border.,
ID1176,International,Kenya,n/a,Uganda,Border Closure,Land Border,n/a,n/a,n/a,n/a,n/a,n/a,10/10/2014,n/a,International SOS - Travel security advisories - Flight bans and closures,https://www.internationalsos.com/ebola/index.cfm?content_id=435&language_id=ENG,Kenya closed Suam border crossing with Uganda due to reports of an Ebola-related death in Bukwo district (Uganda).,
ID1177,International,Mali,n/a,Mauritania,Border Closure,Land Border,n/a,n/a,n/a,n/a,n/a,n/a,10/24/2014,n/a,Reuters - Mauritania closes border with Mali over Ebola,http://www.reuters.com/article/2014/10/25/us-health-ebola-mauritania-idUSKCN0IE0II20141025,Government of Mauritania has ordered the closing of all border crossings with Mali after its first reported case of Ebola.,
ID1178,International,Guinea,n/a,Ivory Coast,Border Closure,Sea Border,n/a,n/a,n/a,n/a,n/a,n/a,8/12/2014,8/17/2014,AllAfrica - Ivory Coast Imposed Economic Blockade,http://allafrica.com/stories/201408140828.html,Ivory Coast temporarily blocked access to sea ports being used as a trans-shipment point under the ebola outbreak.,
ID1179,International,Liberia,n/a,Ivory Coast,Border Closure,Sea Border,n/a,n/a,n/a,n/a,n/a,n/a,8/12/2014,8/17/2014,AllAfrica - Ivory Coast Imposed Economic Blockade,http://allafrica.com/stories/201408140828.html,Ivory Coast temporarily blocked access to sea ports being used as a trans-shipment point under the ebola outbreak.,
ID1180,International,Sierra Leone,n/a,Ivory Coast,Border Closure,Sea Border,n/a,n/a,n/a,n/a,n/a,n/a,8/12/2014,8/17/2014,AllAfrica - Ivory Coast Imposed Economic Blockade,http://allafrica.com/stories/201408140828.html,Ivory Coast temporarily blocked access to sea ports being used as a trans-shipment point under the ebola outbreak.,
ID1181,International,Liberia,n/a,n/a,Border Closure,Sea Border,n/a,n/a,n/a,n/a,n/a,n/a,8/30/2014,n/a,Channel News Asia - Seaport Restrictions,http://www.channelnewsasia.com/news/world/ebola-hit-liberia-bans/1337732.html,Liberia denying any crew to disembark at seaports until Ebola epidemic subsided.,
ID1182,International,Nigeria,n/a,Cameroon,Border Closure,Sea Border,n/a,n/a,n/a,n/a,n/a,n/a,8/19/2014,n/a,International SOS - Travel security advisories - Flight bans and closures,https://www.internationalsos.com/ebola/index.cfm?content_id=435&language_id=ENG,Cameroon closed sea border with Nigeria.,
ID1183,International,Guinea,n/a,Senegal,Border Closure,Sea Border,n/a,n/a,n/a,n/a,n/a,n/a,8/21/2014,n/a,International SOS - Travel security advisories - Flight bans and closures,https://www.internationalsos.com/ebola/index.cfm?content_id=435&language_id=ENG,"Senegal closed its sea border to vessels from Guinea, Liberia and Sierra Leone.",
ID1184,International,Liberia,n/a,Senegal,Border Closure,Sea Border,n/a,n/a,n/a,n/a,n/a,n/a,8/21/2014,n/a,International SOS - Travel security advisories - Flight bans and closures,https://www.internationalsos.com/ebola/index.cfm?content_id=435&language_id=ENG,"Senegal closed its sea border to vessels from Guinea, Liberia and Sierra Leone.",
ID1185,International,Sierra Leone,n/a,Senegal,Border Closure,Sea Border,n/a,n/a,n/a,n/a,n/a,n/a,8/21/2014,n/a,International SOS - Travel security advisories - Flight bans and closures,https://www.internationalsos.com/ebola/index.cfm?content_id=435&language_id=ENG,"Senegal closed its sea border to vessels from Guinea, Liberia and Sierra Leone.",
ID1186,International,Guinea,n/a,Gabon,Border Closure,Sea Border,n/a,n/a,n/a,n/a,n/a,n/a,8/22/2014,n/a,International SOS - Travel security advisories - Flight bans and closures,https://www.internationalsos.com/ebola/index.cfm?content_id=435&language_id=ENG,Gabon has banned all ships from countries affected by Ebola.,
ID1187,International,Liberia ,n/a,Gabon,Border Closure,Sea Border,n/a,n/a,n/a,n/a,n/a,n/a,8/22/2014,n/a,International SOS - Travel security advisories - Flight bans and closures,https://www.internationalsos.com/ebola/index.cfm?content_id=435&language_id=ENG,Gabon has banned all ships from countries affected by Ebola.,
ID1188,International,Sierra Leone,n/a,Gabon,Border Closure,Sea Border,n/a,n/a,n/a,n/a,n/a,n/a,8/22/2014,n/a,International SOS - Travel security advisories - Flight bans and closures,https://www.internationalsos.com/ebola/index.cfm?content_id=435&language_id=ENG,Gabon has banned all ships from countries affected by Ebola.,