SSID,Camp Name,Other Name,Lat,Lon,Commune,Communal Section,Neighborhood,Date of Assessment,Nature of Site,Type of Site,Classification,Number of Households,Number of Individuals,Female,Male,STSZHHs,SIZE_SURVEY,SIZE_Detail,Return project,Organization,CMA Presence,Name of Organization,Contact Person,Contact phone,Email,Committee Presence,Presence of Toilets,Water Provision,Presence of Bathing,Waste Management,Other Organization provide Services,AreaOfSite,SQMpp,Perc_of_T_Shelter
#activity_id,#loc,#loc,#lat_deg,#lon_deg,#adm3,#adm4,#adm5,#report_date,,,#loctype,#households_num,#people_num,#females_num,#males_num,,,,,#org_id,,#org,#name,#phone,#email,,,,,,,,,
111_01_026,Campus GHESKIO,,18.539616,-72.349869,PORT-AU-PRINCE,6eme Turgeau,"Rue Chareron, Bicentenaire",17 May 2013,Public,Spontaneous,Camp,52,172,89,83,2) 20 to 99,MEDIUM,2) 50 to 99,YES,IFRC,No,,,,,No,Yes Toilets,No Water,No Bathing,Yes Waste,No Other Service,,,0
111_01_030,Terrain de Golf Delmas 48,,18.537826,-72.301272,PORT-AU-PRINCE,6eme Turgeau,,27 Jun 2013,Private,Spontaneous,Camp,3608,12304,6152,6152,5) 1000 plus,LARGE,12) 1000 plus,YES,JPHRO,Yes,JP/HRO,Chiara Lucchini Gilera,34439068,chiara.lucchini@jphro.org,No,Yes Toilets,No Water,Yes Bathing,Yes Waste,No Other Service,98366,7.994635891,0
111_01_048,Kan Ikar,,18.54402,-72.3318,PORT-AU-PRINCE,6eme Turgeau,coridor Icare,21 May 2013,Private,Spontaneous,Camp,282,907,471,436,3) 100 to 499,LARGE,6) 250 to 299,NO,,No,,,,,Yes,Yes Toilets,No Water,No Bathing,No Waste,No Other Service,,,0
111_01_054,AIJPDS/OJPBO,,18.545527,-72.327575,PORT-AU-PRINCE,6eme Turgeau,Ruelle  Boisson et Poupelard,13 May 2013,Private,Spontaneous,Settlement,25,82,43,39,2) 20 to 99,MEDIUM,1) 1 to 49,NO,,No,,,,,Yes,Yes Toilets,No Water,No Bathing,No Waste,No Other Service,,,0
111_01_060,En face Cathedrale,Site Cathedral,18.54955,-72.34029,PORT-AU-PRINCE,6eme Turgeau,,16 May 2013,Public,Spontaneous,Camp,149,534,276,258,3) 100 to 499,LARGE,3) 100 to 149,NO,,No,,,,,Yes,No Toilets,No Water,No Bathing,No Waste,No Other Service,,,0
111_01_068,C.O.R.E.N.A.,,18.5514,-72.317993,PORT-AU-PRINCE,6eme Turgeau, Nazon(Zone Stade Sylvio Cator),13 May 2013,Private,Spontaneous,Settlement,34,118,61,57,2) 20 to 99,MEDIUM,1) 1 to 49,NO,,No,,,,,Yes,Yes Toilets,No Water,No Bathing,No Waste,No Other Service,,,0
111_01_085,CHARLEVOIX,,18.530142,-72.301969,PORT-AU-PRINCE,6eme Turgeau,Vallee Bourdon,29 May 2013,Private,Spontaneous,Location,16,48,25,23,1.2) 10 to 19,SMALL,1) 1 to 49,NO,,No,,,,,Yes,No Toilets,No Water,No Bathing,No Waste,No Other Service,,,0
111_01_088,Cite St Hilaire,,18.529281,-72.309602,PORT-AU-PRINCE,6eme Turgeau,Imp Aubry,20 May 2013,Private,Spontaneous,Camp,199,777,404,373,3) 100 to 499,LARGE,4) 150 to 199,NO,,No,,,,,Yes,Yes Toilets,No Water,No Bathing,No Waste,No Other Service,,,0
111_01_102,5 Etoiles,,18.546751,-72.322998,PORT-AU-PRINCE,6eme Turgeau,Caravelle,13 May 2013,Private,Spontaneous,Settlement,34,118,61,57,2) 20 to 99,MEDIUM,1) 1 to 49,NO,,No,,,,,Yes,Yes Toilets,No Water,No Bathing,No Waste,No Other Service,,,0
111_01_106,Village Tete Boeuf,,18.5554,-72.34198,PORT-AU-PRINCE,6eme Turgeau,La salin,15 May 2013,Public,Spontaneous,Camp,137,502,261,241,3) 100 to 499,LARGE,3) 100 to 149,NO,,No,,,,,Yes,No Toilets,No Water,No Bathing,No Waste,No Other Service,,,0
111_01_119,Sant Ebejeman Teren Christopher,,18.54051,-72.3112,PORT-AU-PRINCE,6eme Turgeau,christ-roi,16 May 2013,Private,Spontaneous,Camp,379,1352,676,676,3) 100 to 499,LARGE,8) 350 to 399,NO,,No,,,,,Yes,Yes Toilets,No Water,Yes Bathing,No Waste,No Other Service,,,0
111_01_341,Lakou Jeran,,18.55746,-72.34123,PORT-AU-PRINCE,6eme Turgeau,blvd jn jacques Dessalines,15 May 2013,Private,Spontaneous,Settlement,101,364,189,175,3) 100 to 499,LARGE,3) 100 to 149,NO,,No,,,,,Yes,Yes Toilets,No Water,No Bathing,No Waste,No Other Service,,,0
111_01_401,Croix Desprez,,18.526283,-72.330945,PORT-AU-PRINCE,6eme Turgeau,Rue Beauveille (Beauville St),28 May 2013,Private,Spontaneous,Settlement,31,112,58,54,2) 20 to 99,MEDIUM,1) 1 to 49,NO,,No,,,,,Yes,No Toilets,No Water,No Bathing,No Waste,No Other Service,,,0
111_01_404,ISSA Saieh,,18.52928,-72.335423,PORT-AU-PRINCE,6eme Turgeau,Rue Chilli #13,14 May 2013,Private,Spontaneous,Location,10,35,18,17,1.2) 10 to 19,SMALL,1) 1 to 49,NO,,No,,,,,Yes,No Toilets,No Water,No Bathing,No Waste,No Other Service,,,0
111_01_405,Morne Hopital,park henry,18.527498,-72.317992,PORT-AU-PRINCE,6eme Turgeau,Rue Rosea imp park Hary,25 May 2013,Private,Spontaneous,Camp,170,670,348,322,3) 100 to 499,LARGE,4) 150 to 199,NO,,No,,,,,Yes,Yes Toilets,No Water,No Bathing,No Waste,No Other Service,,,0
111_01_408,Plas Sentan,,18.541542,-72.323654,PORT-AU-PRINCE,6eme Turgeau,Route Lalue,15 May 2013,Public,Spontaneous,Settlement,75,247,128,119,2) 20 to 99,MEDIUM,2) 50 to 99,NO,,No,,,,,Yes,No Toilets,No Water,No Bathing,No Waste,No Other Service,,,0
111_01_416,Trou Vital,,18.55139,-72.334533,PORT-AU-PRINCE,6eme Turgeau,entre sans fil et Mariella,10 May 2013,Private,Spontaneous,Settlement,71,232,121,111,2) 20 to 99,MEDIUM,2) 50 to 99,NO,,No,,,,,Yes,No Toilets,No Water,No Bathing,No Waste,No Other Service,,,0
111_01_417,COGCHETE,Teleco Sans Fil,18.55074,-72.33269,PORT-AU-PRINCE,6eme Turgeau,Sans fil,16 May 2013,Public,Spontaneous,Camp,937,3305,1718,1587,4) 500 to 999,LARGE,11) 500 to 999,NO,,Yes,DPC/IOM CMO,Sainvoius PHILISTIN,3707-69-55,,Yes,Yes Toilets,No Water,No Bathing,No Waste,No Other Service,,,0
111_01_421,Teren Boulòs,Cite Maxau,18.53511,-72.29954,PORT-AU-PRINCE,6eme Turgeau,Rue Merisier Cite Maxo,27 Jun 2013,Private,Spontaneous,Camp,350,1188,600,588,3) 100 to 499,LARGE,8) 350 to 399,YES,JPHRO,Yes,JP/HRO,Chiara Lucchini Gilera,34439068,chiara.lucchini@jphro.org,Yes,Yes Toilets,Yes Water,Yes Bathing,Yes Waste,Yes Other Service,24715,20.80387205,0
111_01_439,Terrain Sony,,18.548677,-72.321546,PORT-AU-PRINCE,6eme Turgeau,zon caravelle nazon,13 May 2013,Private,Spontaneous,Settlement,20,82,43,39,2) 20 to 99,MEDIUM,1) 1 to 49,NO,,No,,,,,Yes,No Toilets,No Water,No Bathing,No Waste,No Other Service,,,0
111_01_445,Kan La Paix,,18.528993,-72.341753,PORT-AU-PRINCE,6eme Turgeau,carrefour Feuille,14 May 2013,Public,Spontaneous,Settlement,30,102,53,49,2) 20 to 99,MEDIUM,1) 1 to 49,NO,,No,,,,,Yes,No Toilets,No Water,No Bathing,No Waste,No Other Service,,,0
111_01_450,Comite des jeunes pour le developpement de Titrou (Madan Pye),,18.52578,-72.32392,PORT-AU-PRINCE,6eme Turgeau,Debussy,17 May 2013,Private,Spontaneous,Camp,189,751,390,361,3) 100 to 499,LARGE,4) 150 to 199,NO,,No,,,,,Yes,No Toilets,No Water,No Bathing,No Waste,No Other Service,,,0
111_01_459,kano,,18.52325,-72.31146,PORT-AU-PRINCE,6eme Turgeau,CANAPE-VERT,20 May 2013,Private,Spontaneous,Camp,443,1837,954,883,3) 100 to 499,LARGE,9) 400 to 449,NO,,No,,,,,Yes,No Toilets,No Water,No Bathing,No Waste,No Other Service,,,0
111_01_463,Site meriken,,18.528347,-72.314721,PORT-AU-PRINCE,6eme Turgeau,Canape vert,20 May 2013,Private,Spontaneous,Camp,109,435,226,209,3) 100 to 499,LARGE,3) 100 to 149,NO,,No,,,,,Yes,No Toilets,No Water,No Bathing,No Waste,No Other Service,,,0
111_01_471,Kan Solino Medilien,,18.551004,-72.320704,PORT-AU-PRINCE,6eme Turgeau,Delmas 24,13 May 2013,Private,Spontaneous,Location,12,45,23,22,1.2) 10 to 19,SMALL,1) 1 to 49,NO,,No,,,,,Yes,Yes Toilets,No Water,No Bathing,No Waste,No Other Service,,,0
111_01_477,Kan Maya,,18.539517,-72.314344,PORT-AU-PRINCE,6eme Turgeau,Christ-Roi,13 May 2013,Private,Spontaneous,Settlement,26,82,43,39,2) 20 to 99,MEDIUM,1) 1 to 49,NO,,No,,,,,Yes,No Toilets,No Water,No Bathing,No Waste,No Other Service,,,0
111_01_480,T.A.D ( tet ansanm dyobel),,18.524323,-72.301626,PETION-VILLE,3eme Etang du Jong,Route Juvenat,27 Jun 2013,Private,Spontaneous,Camp,98,313,163,150,2) 20 to 99,MEDIUM,2) 50 to 99,NO,,No,,,,,Yes,Yes Toilets,No Water,No Bathing,No Waste,No Other Service,16430,52.49201278,0
111_01_482,Djobel 4,Gros Morne,18.52628,-72.301631,PORT-AU-PRINCE,6eme Turgeau,Djobel,20 May 2013,Private,Spontaneous,Settlement,98,313,163,150,2) 20 to 99,MEDIUM,2) 50 to 99,NO,,No,,,,,Yes,Yes Toilets,Yes Water,No Bathing,No Waste,No Other Service,,,0
111_01_488,Centre KID,,18.538508,-72.318524,PORT-AU-PRINCE,6eme Turgeau,,17 May 2013,Private,Spontaneous,Camp,316,1072,536,536,3) 100 to 499,LARGE,7) 300 to 349,NO,,No,,,,,Yes,Yes Toilets,No Water,Yes Bathing,Yes Waste,No Other Service,,,0
111_01_497,ENAF 3,AVS (Association des Victime de la Source),18.525734,-72.306066,PORT-AU-PRINCE,6eme Turgeau,Canape Vert (dos Universite ENAF),20 May 2013,Private,Spontaneous,Camp,63,251,130,121,2) 20 to 99,MEDIUM,2) 50 to 99,NO,,No,,,,,Yes,Yes Toilets,No Water,Yes Bathing,No Waste,No Other Service,,,0
111_01_498,ENAF 2,(Bas Debrosse) Bazile,18.5277,-72.307869,PORT-AU-PRINCE,6eme Turgeau,Canape-Vert,20 May 2013,Private,Spontaneous,Settlement,80,228,118,110,2) 20 to 99,MEDIUM,2) 50 to 99,NO,,No,,,,,Yes,Yes Toilets,No Water,Yes Bathing,No Waste,No Other Service,,,0
111_01_499,AVSCBT (Association des Victimes du Seisme - Canape-Vert bo Total),"Annexe ENAF 2, ASDE",18.526536,-72.30815,PORT-AU-PRINCE,6eme Turgeau,Canape-Vert bo Total,20 May 2013,Private,Spontaneous,Camp,103,418,217,201,3) 100 to 499,LARGE,3) 100 to 149,NO,,No,,,,,Yes,Yes Toilets,No Water,No Bathing,No Waste,No Other Service,,,0
111_01_500,Kan Neptune,,18.51984,-72.30746,PORT-AU-PRINCE,6eme Turgeau,Route Canape-Vert,20 May 2013,Private,Spontaneous,Camp,150,495,257,238,3) 100 to 499,LARGE,4) 150 to 199,NO,,No,,,,,Yes,No Toilets,No Water,No Bathing,No Waste,No Other Service,,,0
111_01_504,Kan Sapoti,Rue Sapoti,18.528177,-72.330628,PORT-AU-PRINCE,6eme Turgeau,Pacot,15 May 2013,Public,Spontaneous,Settlement,11,36,18,18,1.2) 10 to 19,SMALL,1) 1 to 49,NO,,No,,,,,Yes,No Toilets,No Water,No Bathing,No Waste,No Other Service,,,0
111_01_505,Cite Theart,,18.527774,-72.314572,PORT-AU-PRINCE,6eme Turgeau,"Route Canape-Vert, Entre Carrefour Saint Mari",20 May 2013,Private,Spontaneous,Camp,574,2308,1200,1108,4) 500 to 999,LARGE,11) 500 to 999,NO,,No,,,,,Yes,Yes Toilets,No Water,No Bathing,No Waste,No Other Service,,,0
111_01_509,Camp Celimene,,18.54729,-72.31871,PORT-AU-PRINCE,6eme Turgeau,Nazon,17 May 2013,Public,Spontaneous,Settlement,55,192,99,93,2) 20 to 99,MEDIUM,2) 50 to 99,NO,,No,,,,,Yes,No Toilets,No Water,No Bathing,No Waste,No Other Service,,,0
111_01_512,Camp Camep,T.E.V.N( tete ensemble pour une vie nouvelle),18.550851,-72.318644,PORT-AU-PRINCE,6eme Turgeau,Nazon,13 May 2013,Public,Spontaneous,Settlement,30,105,54,51,2) 20 to 99,MEDIUM,1) 1 to 49,NO,,No,,,,,Yes,Yes Toilets,No Water,No Bathing,No Waste,No Other Service,,,0
111_01_514,ACIMA,,18.529786,-72.342268,PORT-AU-PRINCE,6eme Turgeau,Carrefour feuille,15 May 2013,Public,Spontaneous,Settlement,13,46,23,23,1.2) 10 to 19,SMALL,1) 1 to 49,NO,,No,,,,,Yes,No Toilets,No Water,No Bathing,No Waste,No Other Service,,,0
111_01_515,GRIJ,,18.526979,-72.33855,PORT-AU-PRINCE,6eme Turgeau,Ruelle Jeudi,15 May 2013,Private,Spontaneous,Location,11,40,20,20,1.2) 10 to 19,SMALL,1) 1 to 49,NO,,No,,,,,Yes,No Toilets,No Water,No Bathing,No Waste,No Other Service,,,0
111_01_517,Kan Olopson,,18.529585,-72.336997,PORT-AU-PRINCE,6eme Turgeau,Rue Cadet Jeremie,14 May 2013,Private,Spontaneous,Location,5,16,9,7,1.1) 1 to 9,SMALL9,1) 1 to 49,NO,,No,,,,,Yes,No Toilets,No Water,No Bathing,No Waste,No Other Service,,,0
111_01_520,Parc Isidor,,18.54657,-72.33487,PORT-AU-PRINCE,6eme Turgeau,lalue,21 May 2013,Private,Spontaneous,Camp,333,1329,651,678,3) 100 to 499,LARGE,7) 300 to 349,NO,,No,,,,,Yes,Yes Toilets,No Water,No Bathing,No Waste,No Other Service,,,0
111_01_521,Kan Castel d'haiti,,18.52839,-72.33775,PORT-AU-PRINCE,6eme Turgeau,"Rue St Gerard, route Castel",21 May 2013,Private,Spontaneous,Camp,182,636,330,306,3) 100 to 499,LARGE,4) 150 to 199,NO,,No,,,,,Yes,Yes Toilets,No Water,No Bathing,No Waste,No Other Service,,,0
111_01_533,Bas Nader Ti Sous,,18.527478,-72.332084,PORT-AU-PRINCE,6eme Turgeau,Zone Deprez,28 May 2013,Private,Spontaneous,Settlement,16,59,30,29,1.2) 10 to 19,SMALL,1) 1 to 49,NO,,No,,,,,Yes,No Toilets,No Water,Yes Bathing,No Waste,No Other Service,,,6
111_01_535,Camp Boulard,,18.54154,-72.3146,PORT-AU-PRINCE,6eme Turgeau,,13 May 2013,Private,Spontaneous,Settlement,38,115,59,56,2) 20 to 99,MEDIUM,1) 1 to 49,NO,,No,,,,,Yes,Yes Toilets,No Water,No Bathing,No Waste,No Other Service,,,0
111_01_536,Camp Avic,,18.53556,-72.3235,PORT-AU-PRINCE,6eme Turgeau,,20 May 2013,Private,Spontaneous,Settlement,84,304,158,146,2) 20 to 99,MEDIUM,2) 50 to 99,NO,,No,,,,,Yes,Yes Toilets,No Water,No Bathing,No Waste,No Other Service,,,0
111_01_537,Kan Mullery N.S.,,18.527785,-72.310669,PORT-AU-PRINCE,6eme Turgeau,,20 May 2013,Private,Spontaneous,Camp,171,732,381,351,3) 100 to 499,LARGE,4) 150 to 199,NO,,No,,,,,Yes,No Toilets,No Water,No Bathing,No Waste,No Other Service,,,0
111_02_001,Bo Mache,Beau Boeuf,18.52084,-72.34625,PORT-AU-PRINCE,7eme Morne l'Hopital,avenue mon seigneur Guilloux prolonge(savann pistache),20 May 2013,Private,Spontaneous,Camp,110,399,207,192,3) 100 to 499,LARGE,3) 100 to 149,NO,,No,,,,,Yes,No Toilets,No Water,No Bathing,No Waste,No Other Service,,,0
111_02_011,Teren Bariajou,Kan Bariere Geau,18.52705,-72.33417,PORT-AU-PRINCE,7eme Morne l'Hopital,Ave N prolonje,21 May 2013,Private,Spontaneous,Settlement,72,258,134,124,2) 20 to 99,MEDIUM,2) 50 to 99,NO,,No,,,,,Yes,No Toilets,No Water,No Bathing,No Waste,No Other Service,,,24
111_02_404,Decayette Rue Similac Venus,,18.52125,-72.347695,PORT-AU-PRINCE,7eme Morne l'Hopital,"Carrefour feuille, Decayette rue similac",23 May 2013,Public,Spontaneous,Settlement,41,181,94,87,2) 20 to 99,MEDIUM,1) 1 to 49,NO,,No,,,,,Yes,No Toilets,No Water,No Bathing,No Waste,No Other Service,,,0
111_02_406,Mon Lopital (Bolini),Bolivi,18.519082,-72.339965,PORT-AU-PRINCE,7eme Morne l'Hopital,Carrefour Feuille,21 May 2013,Private,Spontaneous,Settlement,75,299,155,144,2) 20 to 99,MEDIUM,2) 50 to 99,NO,,No,,,,,Yes,No Toilets,No Water,No Bathing,No Waste,No Other Service,,,0
111_02_408,Ba KWA Roug,,18.525098,-72.332619,PORT-AU-PRINCE,7eme Morne l'Hopital,rue mugueth,20 May 2013,Private,Spontaneous,Settlement,136,396,206,190,3) 100 to 499,LARGE,3) 100 to 149,NO,,No,,,,,Yes,No Toilets,No Water,No Bathing,No Waste,No Other Service,,,1
111_02_409,Saye 1,,18.522411,-72.343599,PORT-AU-PRINCE,7eme Morne l'Hopital,Carrefour Feuille,15 May 2013,Public,Spontaneous,Settlement,22,71,36,35,2) 20 to 99,MEDIUM,1) 1 to 49,NO,,No,,,,,Yes,No Toilets,No Water,No Bathing,No Waste,No Other Service,,,0
111_02_410,Komite de Soutient au Rescape de Savan Pistsach,,18.520564,-72.347629,PORT-AU-PRINCE,7eme Morne l'Hopital,"Kafou Fey Savann Pistash, enpas Leonard.",14 May 2013,Private,Spontaneous,Settlement,45,137,70,67,2) 20 to 99,MEDIUM,1) 1 to 49,NO,,No,,,,,Yes,No Toilets,No Water,No Bathing,No Waste,No Other Service,5038,36.77372263,7
111_02_411,Kan Dalman,,18.52581,-72.33356,PORT-AU-PRINCE,7eme Morne l'Hopital,,21 May 2013,Private,Spontaneous,Settlement,137,436,226,210,3) 100 to 499,LARGE,3) 100 to 149,NO,,No,,,,,Yes,No Toilets,No Water,No Bathing,No Waste,No Other Service,,,0
111_02_412,Galilee,,18.523471,-72.330542,PORT-AU-PRINCE,7eme Morne l'Hopital,Zone Croix Desprez,15 May 2013,Private,Spontaneous,Settlement,45,157,82,75,2) 20 to 99,MEDIUM,1) 1 to 49,NO,,No,,,,,Yes,Yes Toilets,No Water,No Bathing,No Waste,No Other Service,,,0
111_03_003,Lakou Mango et Kazek,,18.524888,-72.367676,PORT-AU-PRINCE,8eme Martissant,Martissant,10 Jun 2013,Private,Spontaneous,Location,7,26,14,12,1.1) 1 to 9,SMALL9,1) 1 to 49,NO,,No,,,,,Yes,No Toilets,No Water,No Bathing,No Waste,No Other Service,,,0
111_03_015,VENUS 2,,18.523615,-72.349792,PORT-AU-PRINCE,8eme Martissant,Decayette,20 May 2013,Public,Spontaneous,Settlement,99,425,221,204,2) 20 to 99,MEDIUM,2) 50 to 99,NO,,No,,,,,Yes,No Toilets,No Water,No Bathing,No Waste,No Other Service,,,0
111_03_302,Ipm. Trankil e lape,,18.53393,-72.352162,PORT-AU-PRINCE,8eme Martissant,Blvd. Harry Truman,28 May 2013,Public,Spontaneous,Settlement,39,141,73,68,2) 20 to 99,MEDIUM,1) 1 to 49,NO,,No,,,,,Yes,No Toilets,No Water,No Bathing,No Waste,No Other Service,,,0
111_03_307,Terrain Délouche a Coté Du Compagnie E.D.H.,,18.526343,-72.362582,PORT-AU-PRINCE,8eme Martissant,Martissant 23,28 May 2013,Private,Spontaneous,Camp,28,102,53,49,2) 20 to 99,MEDIUM,1) 1 to 49,NO,,No,,,,,Yes,Yes Toilets,No Water,No Bathing,No Waste,No Other Service,,,0
111_03_312,Kan AJEF,,18.526311,-72.365874,PORT-AU-PRINCE,8eme Martissant,Fontamara 27,28 May 2013,Private,Spontaneous,Location,32,104,54,50,2) 20 to 99,MEDIUM,1) 1 to 49,NO,,No,,,,,Yes,No Toilets,No Water,No Bathing,No Waste,No Other Service,,,0
111_03_400,Kay Aman,,18.525264,-72.36616,PORT-AU-PRINCE,8eme Martissant,fontamara 27,28 May 2013,Private,Spontaneous,Location,9,31,16,15,1.1) 1 to 9,SMALL9,1) 1 to 49,NO,,No,,,,,Yes,No Toilets,No Water,No Bathing,No Waste,No Other Service,,,0
111_03_402,Parc Topaz,,18.531224,-72.367936,PORT-AU-PRINCE,8eme Martissant,Fontamara 33,28 May 2013,Public,Spontaneous,Location,15,56,29,27,1.2) 10 to 19,SMALL,1) 1 to 49,NO,,No,,,,,Yes,No Toilets,No Water,No Bathing,No Waste,No Other Service,,,0
111_03_421,Usine Duval (Marissant) / La Rochelle,,18.530282,-72.369144,PORT-AU-PRINCE,8eme Martissant,"Fontamara 33, # 3",20 May 2013,Private,Spontaneous,Settlement,63,195,101,94,2) 20 to 99,MEDIUM,2) 50 to 99,NO,,No,,,,,Yes,No Toilets,No Water,No Bathing,No Waste,No Other Service,,,0
111_03_428,SAINTE BERNADETTE/Nicaragua,Centre Hebergement du nicaragua,18.531864,-72.352748,PORT-AU-PRINCE,8eme Martissant,"4em, 5em avenue bolos #871",15 May 2013,Public,Spontaneous,Camp,153,391,203,188,3) 100 to 499,LARGE,4) 150 to 199,NO,,No,,,,,Yes,Yes Toilets,No Water,No Bathing,No Waste,No Other Service,,,0
111_03_431,LA BOULANGERIE,Martissant 2A,18.535413,-72.358004,PORT-AU-PRINCE,8eme Martissant,,15 May 2013,Private,Spontaneous,Camp,174,519,358,161,3) 100 to 499,LARGE,4) 150 to 199,NO,,No,,,,,No,Yes Toilets,No Water,No Bathing,No Waste,No Other Service,,,0
111_03_432,Cite cabrit./ Martissant,,18.533888,-72.36669,PORT-AU-PRINCE,8eme Martissant,Martissant,16 May 2013,Private,Spontaneous,Camp,105,356,185,171,3) 100 to 499,LARGE,3) 100 to 149,NO,,No,,,,,No,Yes Toilets,No Water,No Bathing,No Waste,No Other Service,,,0
111_03_433,COKAZEK,Lakou Cazek,18.524279,-72.367229,PORT-AU-PRINCE,8eme Martissant,Fontamara 27,28 May 2013,Public,Spontaneous,Settlement,40,180,93,87,2) 20 to 99,MEDIUM,1) 1 to 49,NO,,No,,,,,Yes,No Toilets,No Water,No Bathing,No Waste,No Other Service,,,0
111_03_436,Anba Kafe,,18.523894,-72.368886,PORT-AU-PRINCE,8eme Martissant,Martissant,27 May 2013,Private,Spontaneous,Location,2,11,5,6,1.1) 1 to 9,SMALL9,1) 1 to 49,NO,,No,,,,,Yes,No Toilets,No Water,No Bathing,No Waste,No Other Service,,,0
111_03_442,MARTISSANT 2A/SAC,Old Village Michel,18.533486,-72.357444,PORT-AU-PRINCE,8eme Martissant,Martissant 2A,16 May 2013,Private,Spontaneous,Settlement,76,278,144,134,2) 20 to 99,MEDIUM,2) 50 to 99,NO,,No,,,,,Yes,Yes Toilets,No Water,No Bathing,No Waste,No Other Service,,,0
111_03_444,Bas St Michel MARTISSANT 23,Haut Barreau,18.528331,-72.36233,PORT-AU-PRINCE,8eme Martissant,Martissant 23,27 May 2013,Private,Spontaneous,Location,11,36,17,19,1.2) 10 to 19,SMALL,1) 1 to 49,NO,,No,,,,,Yes,No Toilets,No Water,No Bathing,No Waste,Yes Other Service,,,0
111_03_446,CORE-Mart25B,Martissant 25,18.531197,-72.363313,PORT-AU-PRINCE,8eme Martissant, Martissant 25B,16 May 2013,Private,Spontaneous,Settlement,125,309,160,149,3) 100 to 499,LARGE,3) 100 to 149,NO,,No,,,,,Yes,Yes Toilets,No Water,No Bathing,No Waste,No Other Service,,,0
111_03_448,Centre d'Hebergement de Fort Mercredi,,18.526383,-72.350515,PORT-AU-PRINCE,8eme Martissant,,27 May 2013,Public,Spontaneous,Settlement,32,103,53,50,2) 20 to 99,MEDIUM,1) 1 to 49,NO,,No,,,,,Yes,Yes Toilets,No Water,Yes Bathing,No Waste,No Other Service,,,0
111_03_449,Pengue,,18.520311,-72.333256,PORT-AU-PRINCE,7eme Morne l'Hopital,Carrefour Feuilles,27 May 2013,Private,Spontaneous,Settlement,20,68,34,34,2) 20 to 99,MEDIUM,1) 1 to 49,NO,,No,,,,,Yes,No Toilets,No Water,No Bathing,No Waste,No Other Service,,,0
111_03_450,Lakou Meuse,,18.527782,-72.364339,PORT-AU-PRINCE,8eme Martissant,Fontamara 27,16 May 2013,Private,Spontaneous,Camp,150,575,299,276,3) 100 to 499,LARGE,4) 150 to 199,NO,,No,,,,,No,Yes Toilets,No Water,No Bathing,No Waste,No Other Service,,,0
112_01_015,Delmas 83,,18.53880377,-72.28367869,DELMAS,1ere Saint Martin,Rainbowl,21 May 2009,Private,Spontaneous,Settlement,40,172,89,83,2) 20 to 99,MEDIUM,1) 1 to 49,NO,,No,,,,,Yes,Yes Toilets,No Water,No Bathing,No Waste,No Other Service,,,0
112_01_035,Eglise de Dieu de la Pentecote (abri Provisoire),,18.5536,-72.318,DELMAS,1ere Saint Martin,Nazon,20 May 2013,Private,Spontaneous,Settlement,32,128,66,62,2) 20 to 99,MEDIUM,1) 1 to 49,NO,IOM,No,,,,,Yes,No Toilets,No Water,No Bathing,No Waste,No Other Service,,,0
112_01_040,Dahomey/Camp des Militants,,18.553974,-72.329997,DELMAS,1ere Saint Martin,Rue Mayard,22 May 2013,Public,Spontaneous,Camp,1024,3952,2055,1897,5) 1000 plus,LARGE,12) 1000 plus,NO,,No,,,,,Yes,Yes Toilets,No Water,No Bathing,No Waste,No Other Service,,,0
112_01_041,Parc Centre d'Hebergement,,18.55349,-72.32356,DELMAS,1ere Saint Martin,Delmas 24 rue Saint Lot #10,21 May 2013,Private,Spontaneous,Camp,142,568,294,274,3) 100 to 499,LARGE,3) 100 to 149,NO,,No,,,,,Yes,Yes Toilets,No Water,Yes Bathing,No Waste,No Other Service,,,0
112_01_047,Camp Union en Christ,,18.554496,-72.322098,DELMAS,1ere Saint Martin,delmas  24 rue saint lot # 3 bis,22 May 2013,Private,Spontaneous,Location,17,59,30,29,1.2) 10 to 19,SMALL,1) 1 to 49,NO,,No,,,,,Yes,Yes Toilets,No Water,Yes Bathing,No Waste,No Other Service,,,0
112_01_058,Village Montre ville Delmas 33 prolongUe vers Silo,,18.555828,-72.283538,DELMAS,1ere Saint Martin,Delmas 33 prolonge,22 May 2013,Private,Spontaneous,Settlement,37,134,69,65,2) 20 to 99,MEDIUM,1) 1 to 49,NO,IOM,No,,,,,Yes,Yes Toilets,No Water,Yes Bathing,No Waste,No Other Service,,,0
112_01_059,Boliman Brant,,18.556882,-72.333009,DELMAS,1ere Saint Martin,Delmas 2,22 May 2013,Private,Spontaneous,Camp,2737,13662,7104,6558,5) 1000 plus,LARGE,12) 1000 plus,YES,Concern Worldwide,No,,,,,Yes,Yes Toilets,No Water,No Bathing,Yes Waste,No Other Service,,,0
112_01_069,Groupe Victime du Catastrophe Naturelle,,18.558765,-72.318101,DELMAS,1ere Saint Martin,Delmas 19,22 May 2013,Private,Spontaneous,Location,26,104,54,50,2) 20 to 99,MEDIUM,1) 1 to 49,NO,,No,,,,,Yes,No Toilets,No Water,No Bathing,No Waste,No Other Service,,,0
112_01_098,Acra Cite Nord Del 33,,18.56275,-72.289084,DELMAS,1ere Saint Martin,Delmas 33 rue Kawas,28 Jun 2013,Private,Spontaneous,Camp,1955,6843,3558,3285,5) 1000 plus,LARGE,12) 1000 plus,NO,,Yes,DPC/IOM CMO,Sherly Thony (IOM CM) -- Jefferson Merzius (DPC),36802372,sthony@iom.int,No,Yes Toilets,No Water,No Bathing,No Waste,Yes Other Service,72160,10.54508257,0
112_01_101,Village AFCA 2,,18.563637,-72.287433,DELMAS,1ere Saint Martin,Delmas 33,28 Jun 2013,Other,Spontaneous,Camp,300,1281,666,615,3) 100 to 499,LARGE,7) 300 to 349,NO,,No,,,,,No,No Toilets,No Water,No Bathing,No Waste,No Other Service,8586,6.702576112,0
112_01_102,Camp Maurice Bonnefil,,18.56498,-72.320623,DELMAS,1ere Saint Martin,Cite Renaud,21 May 2013,Private,Spontaneous,Camp,1447,5575,2899,2676,5) 1000 plus,LARGE,12) 1000 plus,NO,,Yes,DPC/IOM CMO,Junior ODENA,3727-2178,,Yes,Yes Toilets,No Water,No Bathing,No Waste,No Other Service,,,0
112_01_115,Batimat,,18.56858,-72.317,DELMAS,1ere Saint Martin,"Route de l'Aeroport, BLV Toussaint Louverture, (Entre Itala)",20 May 2009,Private,Spontaneous,Camp,1052,4102,2133,1969,5) 1000 plus,LARGE,12) 1000 plus,NO,,Yes,DPC/IOM CMO,Samuel Jean Pierre (DPC),37727085,,Yes,Yes Toilets,No Water,No Bathing,No Waste,No Other Service,,,0
112_01_120,KOSEHA,,18.56836,-72.29848,DELMAS,1ere Saint Martin,Delmas 31,22 May 2013,Private,Spontaneous,Camp,135,405,210,195,3) 100 to 499,LARGE,3) 100 to 149,NO,,No,,,,,Yes,Yes Toilets,No Water,No Bathing,No Waste,No Other Service,,,0
112_01_129,Dayatsu,,18.57391,-72.32199,DELMAS,1ere Saint Martin,Batima,20 May 2013,Private,Spontaneous,Camp,171,665,346,319,3) 100 to 499,LARGE,4) 150 to 199,NO,,No,,,,,Yes,No Toilets,No Water,No Bathing,No Waste,No Other Service,,,0
112_01_130,CSSVM,Comite de Sensibilisation,18.554155,-72.259945,DELMAS,1ere Saint Martin,Caradeux,22 May 2013,Private,Spontaneous,Camp,165,363,189,174,3) 100 to 499,LARGE,4) 150 to 199,NO,,No,,,,,Yes,Yes Toilets,No Water,No Bathing,Yes Waste,No Other Service,,,0
112_01_147,Kan Silo D'Acclock,,18.55162,-72.27977,DELMAS,1ere Saint Martin,Morne Silo,23 May 2013,Private,Spontaneous,Camp,220,551,286,265,3) 100 to 499,LARGE,5) 200 to 249,NO,,No,,,,,Yes,Yes Toilets,No Water,No Bathing,No Waste,No Other Service,,,0
112_01_154,Rue des Nimes,Sinai,18.570075,-72.300614,DELMAS,1ere Saint Martin,Delmas 31,23 May 2013,Private,Spontaneous,Camp,418,1504,782,722,3) 100 to 499,LARGE,9) 400 to 449,NO,,No,,,,,Yes,Yes Toilets,No Water,Yes Bathing,No Waste,No Other Service,,,0
112_01_167,Camp Terrain Gilles,,18.529411,-72.286236,DELMAS,1ere Saint Martin,"Impasse Mouron, Delmas 89",23 May 2013,Private,Spontaneous,Camp,270,732,381,351,3) 100 to 499,LARGE,6) 250 to 299,NO,,No,,,,,Yes,No Toilets,No Water,Yes Bathing,No Waste,No Other Service,,,0
112_01_169,Camp Jane,,18.570525,-72.323779,DELMAS,1ere Saint Martin," Imp, Sisi",02 Jun 2013,Private,Spontaneous,Location,7,31,18,13,1.1) 1 to 9,SMALL9,1) 1 to 49,NO,,No,,,,,Yes,No Toilets,No Water,No Bathing,No Waste,No Other Service,,,0
112_01_177,Cauvic,,18.549823,-72.282964,DELMAS,1ere Saint Martin,"Bloc 75, Clervil Rue Dartura",21 May 2009,Private,Spontaneous,Location,1,4,2,2,1.1) 1 to 9,SMALL9,1) 1 to 49,NO,IOM,No,,,,,No,No Toilets,No Water,No Bathing,No Waste,No Other Service,,,0
112_01_184,Desilag Tet Ansanm,Kwarouj Alman B,18.53183,-72.292314,DELMAS,1ere Saint Martin,Delmas 56 nan do Epi d'Or,23 May 2013,Private,Spontaneous,Camp,299,1423,740,683,3) 100 to 499,LARGE,6) 250 to 299,NO,,No,,,,,Yes,Yes Toilets,No Water,No Bathing,No Waste,No Other Service,,,0
112_01_315,C.R 4 (Entree Rue Mercier L. # 2 ),,18.529519,-72.289316,DELMAS,1ere Saint Martin,Delmas 60,20 May 2009,Private,Spontaneous,Settlement,40,160,83,77,2) 20 to 99,MEDIUM,1) 1 to 49,NO,,No,,,,,Yes,Yes Toilets,No Water,Yes Bathing,No Waste,No Other Service,,,0
112_01_316,O.O.H,,18.525704,-72.284616,DELMAS,1ere Saint Martin,"Delmas 91, ruelle laplume #22",17 May 2013,Private,Spontaneous,Settlement,37,156,75,81,2) 20 to 99,MEDIUM,1) 1 to 49,NO,,No,,,,,Yes,No Toilets,No Water,No Bathing,No Waste,No Other Service,,,0
112_01_320,Camp CINEAS,Comite Central de Gestion des Victimes du Seisme,18.55113,-72.2876,DELMAS,1ere Saint Martin,"Delmas 33, Rue Charboniere",20 May 2013,Private,Spontaneous,Camp,1384,5536,2878,2658,5) 1000 plus,LARGE,12) 1000 plus,NO,IOM,No,,,,,Yes,Yes Toilets,No Water,Yes Bathing,Yes Waste,No Other Service,,,0
112_01_328,Village AFCA 1,,18.564944,-72.28752,DELMAS,1ere Saint Martin,"delmas 33 prolonge, #65 anfas st patrick",21 May 2013,Private,Spontaneous,Camp,168,554,288,266,3) 100 to 499,LARGE,4) 150 to 199,YES,IFRC,No,,,,,Yes,No Toilets,No Water,No Bathing,No Waste,Yes Other Service,,,0
112_01_348,ANCIEN AIRPORT MILITAIRE (JMV),Parc Sportif Jean Mary Vincent,18.562312,-72.335451,DELMAS,1ere Saint Martin,Delmas 1,28 May 2013,Public,Spontaneous,Camp,141,494,257,237,3) 100 to 499,LARGE,3) 100 to 149,YES,IOM,Yes,DPC/IOM CMO,Alix Cherisier (IOM Camp Manager) -- Jean Jacques Jethro (DPC),36809049,acherisier@iom.int,No,Yes Toilets,Yes Water,Yes Bathing,No Waste,No Other Service,,,0
112_01_362,TERRAIN ACRA,,18.545199,-72.310349,DELMAS,1ere Saint Martin,Delmas 32,20 May 2013,Private,Spontaneous,Camp,4058,15547,8084,7463,5) 1000 plus,LARGE,12) 1000 plus,NO,,Yes,DPC/IOM CMO,Jean Francois Gilles (DPC),34488746,,Yes,Yes Toilets,Yes Water,No Bathing,Yes Waste,No Other Service,,,0
112_01_365,Lindor City I A,,18.528128,-72.285387,DELMAS,1ere Saint Martin,delmas 89,21 May 2013,Private,Spontaneous,Location,13,58,24,34,1.2) 10 to 19,SMALL,1) 1 to 49,NO,,No,,,,,Yes,No Toilets,No Water,No Bathing,No Waste,No Other Service,,,0
112_01_369,Park Kolofe - Notre Dame de Lourdes,,18.559882,-72.285148,DELMAS,1ere Saint Martin,delmas 33,22 May 2013,Public,Spontaneous,Camp,168,500,260,240,3) 100 to 499,LARGE,4) 150 to 199,NO,IOM,No,,,,,Yes,Yes Toilets,No Water,No Bathing,No Waste,No Other Service,,,0
112_01_377,Simon Pele Hancho II (Camp 14),Parc Pere Tony Ancho 2,18.5705,-72.32152,DELMAS,1ere Saint Martin,Simon 6 Cite Diezel,22 May 2013,Private,Spontaneous,Camp,520,1700,884,816,4) 500 to 999,LARGE,11) 500 to 999,NO,,Yes,DPC/IOM CMO,Mackenson BIEN AIME (DPC),"
3627-3312",,Yes,No Toilets,No Water,No Bathing,No Waste,No Other Service,14024,8.249411765,0
112_01_378,Ancien Airport East,Ancien Militaire,18.5607,-72.3244,DELMAS,1ere Saint Martin,Route Piste,21 May 2013,Public,Spontaneous,Camp,1251,4379,2277,2102,5) 1000 plus,LARGE,12) 1000 plus,YES,IOM,No,,,,,Yes,Yes Toilets,No Water,Yes Bathing,Yes Waste,No Other Service,,,0
112_01_404,Terrain Toto,,18.553123,-72.263272,DELMAS,1ere Saint Martin,Caradeux,22 May 2013,Private,Spontaneous,Camp,1042,4297,2234,2063,5) 1000 plus,LARGE,12) 1000 plus,NO,,Yes,DPC/IOM CMO,Shella Jules DPC -- Pyram Winderson (DPC),;38197670,,Yes,Yes Toilets,No Water,No Bathing,Yes Waste,No Other Service,116242,27.05189667,75
112_01_408,Jn Pierre Boyer,,18.542488,-72.292342,DELMAS,1ere Saint Martin,Delmas 65,20 May 2013,Private,Spontaneous,Settlement,67,210,109,101,2) 20 to 99,MEDIUM,2) 50 to 99,NO,,No,,,,,Yes,Yes Toilets,No Water,No Bathing,No Waste,Yes Other Service,,,0
112_01_417,Kan Kolombi,,18.563817,-72.309729,DELMAS,1ere Saint Martin,Delmas 19,20 May 2013,Private,Spontaneous,Camp,298,1279,665,614,3) 100 to 499,LARGE,6) 250 to 299,NO,,No,,,,,Yes,No Toilets,No Water,No Bathing,No Waste,No Other Service,,,0
112_01_422,Union des Jeunes,,18.541323,-72.309968,DELMAS,1ere Saint Martin,Delmas,20 May 2013,Private,Spontaneous,Camp,111,431,224,207,3) 100 to 499,LARGE,3) 100 to 149,NO,,No,,,,,Yes,Yes Toilets,No Water,Yes Bathing,No Waste,No Other Service,,,0
112_01_425,Kan Site Sou Dous,,18.54839,-72.29452,DELMAS,1ere Saint Martin,Rue Faustin 1er entre Delmas 75 et 41,20 May 2013,Private,Spontaneous,Settlement,53,222,115,107,2) 20 to 99,MEDIUM,2) 50 to 99,NO,,No,,,,,Yes,Yes Toilets,No Water,Yes Bathing,No Waste,No Other Service,,,0
112_01_436,Kan Jamaique,,18.564,-72.30914,DELMAS,1ere Saint Martin,"Delmas 19, Rue Sineraire",20 May 2013,Private,Spontaneous,Camp,428,1438,747,691,3) 100 to 499,LARGE,9) 400 to 449,NO,,No,,,,,Yes,No Toilets,No Water,No Bathing,No Waste,No Other Service,,,0
112_01_438,Saumiel,kan rue becanal,18.536328,-72.286057,DELMAS,1ere Saint Martin,"Delmas 83,",20 May 2013,Private,Spontaneous,Location,18,80,46,34,1.2) 10 to 19,SMALL,1) 1 to 49,NO,,No,,,,,Yes,No Toilets,No Water,No Bathing,No Waste,No Other Service,,,0
112_01_441,Caroline Chevreau,,18.555583,-72.307694,DELMAS,1ere Saint Martin,rue amiral kilik 24,21 May 2013,Private,Spontaneous,Settlement,27,93,23,70,2) 20 to 99,MEDIUM,1) 1 to 49,NO,,No,,,,,Yes,No Toilets,No Water,No Bathing,No Waste,No Other Service,,,0
112_01_442,Kau Impasse Fawosa,,18.53307,-72.281336,DELMAS,1ere Saint Martin,Delmas 95 Impasse Famosa,21 May 2013,Private,Spontaneous,Location,21,84,43,41,2) 20 to 99,MEDIUM,1) 1 to 49,NO,,No,,,,,Yes,No Toilets,No Water,No Bathing,No Waste,No Other Service,,,0
112_01_445,Kan Impasse Raymond,,18.537728,-72.284776,DELMAS,1ere Saint Martin,Delmas 83,21 May 2013,Private,Spontaneous,Settlement,26,105,54,51,2) 20 to 99,MEDIUM,1) 1 to 49,NO,,No,,,,,Yes,Yes Toilets,No Water,Yes Bathing,No Waste,No Other Service,,,0
112_01_448,Cite Hilould - 003,,18.56705,-72.30257,DELMAS,1ere Saint Martin,Delmas 31 rue B de Lanarge prolonge (cite Hinorld ),21 May 2013,Private,Spontaneous,Settlement,77,261,135,126,2) 20 to 99,MEDIUM,2) 50 to 99,NO,,No,,,,,Yes,Yes Toilets,No Water,No Bathing,No Waste,No Other Service,,,0
112_01_449,Gedeon-005,,18.566527,-72.30292,DELMAS,1ere Saint Martin,"Delmas 31 rue l,unite (cite jeremie)#753",21 May 2013,Private,Spontaneous,Camp,154,289,146,143,3) 100 to 499,LARGE,4) 150 to 199,NO,,No,,,,,Yes,No Toilets,No Water,No Bathing,No Waste,No Other Service,,,0
112_01_453,Sant Ebejeman Ri Toussaint Brave,,18.551566,-72.299325,DELMAS,1ere Saint Martin,toussaint brave,23 May 2013,Public,Spontaneous,Settlement,37,154,80,74,2) 20 to 99,MEDIUM,1) 1 to 49,NO,,No,,,,,Yes,No Toilets,No Water,No Bathing,No Waste,No Other Service,,,0
112_01_464,Centre de Refuge le bon Viosire,,18.564376,-72.284794,DELMAS,1ere Saint Martin,Rue St. Claire,22 May 2013,Private,Spontaneous,Settlement,36,154,80,74,2) 20 to 99,MEDIUM,1) 1 to 49,NO,,No,,,,,Yes,No Toilets,No Water,No Bathing,No Waste,No Other Service,,,0
112_01_475,Manatane,so myel,18.535543,-72.285979,DELMAS,1ere Saint Martin,so myel,20 May 2009,Private,Spontaneous,Location,16,64,33,31,1.2) 10 to 19,SMALL,1) 1 to 49,NO,,No,,,,,Yes,No Toilets,No Water,No Bathing,No Waste,No Other Service,,,0
112_01_476,CCEDTC,,18.534948,-72.295925,DELMAS,1ere Saint Martin,Delmas Rue Merisier et Ortolan,23 May 2009,Private,Spontaneous,Location,8,28,14,14,1.1) 1 to 9,SMALL9,1) 1 to 49,NO,,No,,,,,Yes,No Toilets,No Water,No Bathing,No Waste,No Other Service,,,0
112_01_482,Kan de Benediction,,18.55046,-72.26529,DELMAS,1ere Saint Martin,"puit blain, rue Albert Jode prolonge caradeux",22 May 2013,Private,Spontaneous,Camp,328,1232,641,591,3) 100 to 499,LARGE,7) 300 to 349,YES,IFRC,Yes,DPC/IOM CMO,Shella Jules (DPC) -- Pyram Winderson (DPC), 36773870 ; 38197670,,Yes,Yes Toilets,No Water,No Bathing,No Waste,No Other Service,,,0
112_01_483,Village Des Refugies,,18.55159,-72.2649,DELMAS,1ere Saint Martin,"Delmas 75 , caradeux",22 May 2013,Private,Spontaneous,Camp,280,1165,606,559,3) 100 to 499,LARGE,6) 250 to 299,YES,IFRC,Yes,DPC/IOM CMO,Shella Jules (DPC) -- Pyram Winderson (DPC), 36773870 ; 38197670,,Yes,Yes Toilets,No Water,No Bathing,No Waste,No Other Service,,,0
112_01_491,Camp Boulos,Pack Boulos,18.56852,-72.32289,DELMAS,1ere Saint Martin,Simon 6,30 May 2013,Private,Spontaneous,Camp,553,2290,1190,1100,4) 500 to 999,LARGE,11) 500 to 999,NO,,No,,,,,Yes,Yes Toilets,No Water,No Bathing,Yes Waste,No Other Service,,,0
112_01_497,Kan des Sages de Siloe,,18.550797,-72.274895,DELMAS,1ere Saint Martin,"Rue des jeunes silo, Delmas 33",22 May 2013,Private,Spontaneous,Settlement,1,4,2,2,1.1) 1 to 9,SMALL9,1) 1 to 49,NO,IOM,No,,,,,Yes,No Toilets,No Water,No Bathing,No Waste,No Other Service,,,0
112_01_498,Comite de Crise,,18.549591,-72.267611,DELMAS,1ere Saint Martin,rue catherine flon,22 May 2013,Private,Spontaneous,Settlement,50,195,101,94,2) 20 to 99,MEDIUM,2) 50 to 99,NO,,No,,,,,Yes,Yes Toilets,No Water,No Bathing,No Waste,No Other Service,,,36
112_01_501,Toptire et garage bel antillaise,,18.55527,-72.313996,DELMAS,1ere Saint Martin,Delmas 17 T. Louverture,20 May 2013,Private,Spontaneous,Settlement,72,250,130,120,2) 20 to 99,MEDIUM,2) 50 to 99,NO,,No,,,,,Yes,Yes Toilets,No Water,No Bathing,No Waste,No Other Service,,,0
112_01_507,KIOS PELE,,18.570734,-72.324238,DELMAS,1ere Saint Martin, SIMON,22 May 2013,Public,Spontaneous,Settlement,80,220,114,106,2) 20 to 99,MEDIUM,2) 50 to 99,NO,,No,,,,,Yes,No Toilets,No Water,No Bathing,No Waste,No Other Service,,,0
112_01_512,sant de Refuge dumornay,,18.565998,-72.286929,DELMAS,1ere Saint Martin,Delmas   33 prolonge #65 bis,21 May 2013,Private,Planned,Camp,150,695,361,334,3) 100 to 499,LARGE,4) 150 to 199,NO,,No,,,,,Yes,Yes Toilets,No Water,No Bathing,No Waste,No Other Service,,,0
112_01_517,Usine Zamor Charles,,18.555406,-72.331809,DELMAS,1ere Saint Martin,Lesly,28 May 2013,Private,Spontaneous,Settlement,50,109,56,53,2) 20 to 99,MEDIUM,2) 50 to 99,NO,,No,,,,,Yes,No Toilets,No Water,No Bathing,No Waste,No Other Service,,,0
112_01_527,Acra Zone Sud (AD),,18.560947,-72.289454,DELMAS,1ere Saint Martin,Delmas 33,28 Jun 2013,Private,Spontaneous,Camp,2326,8141,4233,3908,5) 1000 plus,LARGE,12) 1000 plus,NO,,Yes,DPC/IOM CMO,Sherly Thony (IOM CM) -- Jefferson Merzius (DPC),36802372,sthony@iom.in,Yes,Yes Toilets,No Water,No Bathing,No Waste,Yes Other Service,91239,11.20734553,0
112_01_529,Kan Alphonse,,18.552752,-72.294958,DELMAS,1ere Saint Martin,delmas 33,17 May 2013,Private,Spontaneous,Location,18,53,27,26,1.2) 10 to 19,SMALL,1) 1 to 49,NO,IOM,No,,,,,Yes,No Toilets,No Water,No Bathing,No Waste,No Other Service,,,0
112_01_542,Camp Canaan,,18.553881,-72.265094,DELMAS,1ere Saint Martin,Delmas 75,22 May 2013,Private,Spontaneous,Camp,499,1977,1028,949,3) 100 to 499,LARGE,10) 450 to 499,NO,,Yes,DPC/IOM CMO,Shella Jules (DPC) -- Pyram Winderson (DPC), 36773870 ; 38197670,,Yes,Yes Toilets,No Water,No Bathing,No Waste,No Other Service,,,0
112_01_550,Comite du centre D'hebergement,COCHDJIB,18.566191,-72.297637,DELMAS,1ere Saint Martin,delmas 31,21 May 2013,Private,Spontaneous,Camp,132,396,206,190,3) 100 to 499,LARGE,3) 100 to 149,NO,,No,,,,,Yes,Yes Toilets,No Water,No Bathing,No Waste,No Other Service,,,0
112_01_553,CONADES,,18.56739,-72.29691,DELMAS,1ere Saint Martin,Delmas 31,28 May 2013,Private,Spontaneous,Camp,102,408,212,196,3) 100 to 499,LARGE,3) 100 to 149,NO,,No,,,,,Yes,No Toilets,No Water,Yes Bathing,No Waste,No Other Service,,,0
112_01_576,Haut Building Route Pis,Bloc A1,18.560377,-72.329166,DELMAS,1ere Saint Martin,Delmas 3,28 Jun 2013,Public,Spontaneous,Camp,1146,4011,2085,1926,5) 1000 plus,LARGE,12) 1000 plus,YES,IOM,Yes,DPC/IOM CMO,Mackenson BIEN AIME (DPC),"
3627-3312",,Yes,Yes Toilets,No Water,No Bathing,No Waste,Yes Other Service,64191,16.00373972,10
112_01_578,aaaj(association d'aide pour l'avancement de jacquet),,18.534714,-72.281011,DELMAS,1ere Saint Martin,jacquet toto,23 May 2013,Private,Spontaneous,Settlement,49,196,102,94,2) 20 to 99,MEDIUM,1) 1 to 49,NO,,No,,,,,Yes,Yes Toilets,No Water,No Bathing,No Waste,No Other Service,707,3.607142857,20
112_01_585,Camp de la Fraternite,,18.542957,-72.288886,DELMAS,1ere Saint Martin,"Delmas 75, Faustin 1e, Impasse jeudi",28 Jun 2013,Private,Spontaneous,Settlement,45,148,77,71,2) 20 to 99,MEDIUM,1) 1 to 49,NO,IOM,No,,,,,Yes,No Toilets,No Water,No Bathing,No Waste,No Other Service,801,5.412162162,0
112_01_586,"CRJAH (Centre des jeunes actif d,haiti)",,18.56533,-72.28172,DELMAS,1ere Saint Martin,Zone petite place cazeau 1er cite,21 May 2013,Public,Spontaneous,Camp,154,542,281,261,3) 100 to 499,LARGE,4) 150 to 199,NO,,No,,,,,Yes,Yes Toilets,No Water,No Bathing,No Waste,No Other Service,2447,4.514760148,0
112_01_587,Teren Pean,,18.55179,-72.33016,DELMAS,1ere Saint Martin,Delmas 18 kafou Pean,22 May 2013,Private,Spontaneous,Settlement,64,255,133,122,2) 20 to 99,MEDIUM,2) 50 to 99,NO,,No,,,,,Yes,No Toilets,No Water,No Bathing,No Waste,No Other Service,,,0
112_01_596,Camp Bill Gates,,18.564202,-72.319617,DELMAS,1ere Saint Martin,Village Solidarite,21 May 2013,Private,Spontaneous,Camp,188,590,306,284,3) 100 to 499,LARGE,4) 150 to 199,NO,,No,,,,,Yes,Yes Toilets,No Water,No Bathing,No Waste,No Other Service,,,0
112_01_598,CR 2 (Centre de Regroupement #2),,18.52911,-72.28901,DELMAS,1ere Saint Martin,Delmas 60 # 4 (anfas Eglise Tabernacle Croisade Evangelique),23 May 2013,Private,Spontaneous,Settlement,91,300,156,144,2) 20 to 99,MEDIUM,2) 50 to 99,NO,,No,,,,,Yes,Yes Toilets,No Water,No Bathing,No Waste,No Other Service,,,0
112_01_603,Centre de Sante Delmas 4,Benis de L'Eternel,18.554313,-72.333185,DELMAS,1ere Saint Martin,Saint Martin 2,24 May 2013,Public,Spontaneous,Settlement,49,196,102,94,2) 20 to 99,MEDIUM,1) 1 to 49,NO,,No,,,,,Yes,No Toilets,No Water,No Bathing,No Waste,No Other Service,,,0
112_01_605,CSRF,,18.55463475,-72.29859161,DELMAS,1ere Saint Martin,,17 May 2013,Private,Spontaneous,Settlement,24,83,43,40,2) 20 to 99,MEDIUM,1) 1 to 49,NO,,No,,,,,Yes,No Toilets,No Water,No Bathing,No Waste,No Other Service,,,0
112_01_610,Garage Gabe,,18.56177,-72.325088,DELMAS,1ere Saint Martin,Cite militaire,21 May 2009,Private,Spontaneous,Settlement,45,180,93,87,2) 20 to 99,MEDIUM,1) 1 to 49,NO,,No,,,,,Yes,No Toilets,No Water,No Bathing,No Waste,No Other Service,,,0
112_01_615,ASSMOJDDEL,,18.539311,-72.281323,DELMAS,1ere Saint Martin,,23 May 2013,Private,Spontaneous,Settlement,12,48,25,23,1.2) 10 to 19,SMALL,1) 1 to 49,NO,,No,,,,,Yes,Yes Toilets,No Water,Yes Bathing,No Waste,No Other Service,,,0
112_01_623,AJD,Delmas 18,18.555285,-72.324076,DELMAS,1ere Saint Martin,Delmas 20,22 May 2009,Private,Spontaneous,Location,13,45,23,22,1.2) 10 to 19,SMALL,1) 1 to 49,NO,,No,,,,,Yes,No Toilets,No Water,No Bathing,No Waste,No Other Service,,,0
112_01_626,Village Italien,,18.567417,-72.320897,DELMAS,1ere Saint Martin,Simon 5,23 May 2013,Private,Spontaneous,Settlement,58,172,89,83,2) 20 to 99,MEDIUM,2) 50 to 99,NO,,No,,,,,Yes,No Toilets,No Water,No Bathing,No Waste,No Other Service,,,0
112_01_641,ANCIEN AIRPORT MILITAIRE/Block 7 Aviation,ANCIEN AIRPORT MILITAIRE,18.56083,-72.23774,DELMAS,1ere Saint Martin,Aviation,22 May 2013,Public,Spontaneous,Camp,790,2765,1438,1327,4) 500 to 999,LARGE,11) 500 to 999,YES,IOM,Yes,DPC/IOM CMO,Alix Cherisier (IOM Camp Manager) -- Jean Jacques Jethro (DPC),36809049,acherisier@iom.int,Yes,Yes Toilets,No Water,Yes Bathing,No Waste,No Other Service,,,0
112_01_642,Comite du Peuple progressiste,,18.559382,-72.320061,DELMAS,1ere Saint Martin,,20 May 2013,Private,Spontaneous,Settlement,102,451,234,217,3) 100 to 499,LARGE,3) 100 to 149,NO,,No,,,,,Yes,Yes Toilets,No Water,No Bathing,No Waste,No Other Service,,,0
112_01_643,Comite de Crise Teren Toto (CCTT),,18.550768,-72.26626,DELMAS,1ere Saint Martin,,22 May 2013,Private,Spontaneous,Camp,127,472,245,227,3) 100 to 499,LARGE,3) 100 to 149,NO,,Yes,DPC/IOM CMO,Shella Jules (DPC) -- Pyram Winderson (DPC), 36773870 ; 38197670,,Yes,Yes Toilets,No Water,No Bathing,No Waste,No Other Service,,,0
112_01_644,Camp AGE,,18.559441,-72.297674,DELMAS,1ere Saint Martin,,27 May 2013,Public,Spontaneous,Location,2,10,4,6,1.1) 1 to 9,SMALL9,1) 1 to 49,NO,,No,,,,,No,No Toilets,No Water,No Bathing,No Waste,No Other Service,,,0
112_01_647,Kan Clervil Impasse Cassagnol,,18.54848,-72.281649,DELMAS,1ere Saint Martin,,24 May 2009,Private,Spontaneous,Settlement,5,20,10,10,1.1) 1 to 9,SMALL9,1) 1 to 49,NO,IOM,No,,,,,Yes,Yes Toilets,No Water,No Bathing,No Waste,No Other Service,,,0
112_01_651,L'Unite victime de Delmas,,18.56304,-72.30524,DELMAS,1ere Saint Martin,"Delmas 31, zone cite aux Cayes (Dos hopital Grace Children)",05 May 2013,Private,Spontaneous,Settlement,51,204,104,100,2) 20 to 99,MEDIUM,2) 50 to 99,NO,,No,,,,,Yes,Yes Toilets,No Water,No Bathing,No Waste,No Other Service,1909,9.357843137,0
112_01_653,Camp Saphir,,18.56224,-72.30644,DELMAS,1ere Saint Martin,Delmas 31,21 May 2013,Private,Spontaneous,Settlement,56,225,114,111,2) 20 to 99,MEDIUM,2) 50 to 99,NO,,No,,,,,Yes,No Toilets,No Water,No Bathing,No Waste,Yes Other Service,,,0
113_09_401,MCPF (Mission des Citoyens Progressistes de Fontamara 45),,18.530887,-72.374011,CARREFOUR,9eme Bizoton,,23 May 2013,Public,Spontaneous,Settlement,58,181,94,87,2) 20 to 99,MEDIUM,2) 50 to 99,NO,,No,,,,,Yes,No Toilets,No Water,No Bathing,No Waste,No Other Service,,,0
113_09_402,Lakou Kolo,Kay Kolo,18.531766,-72.370569,PORT-AU-PRINCE,8eme Martissant,"Fontamara 35 A, lakou kay kolo # 193",16 May 2013,Private,Spontaneous,Camp,168,626,326,300,3) 100 to 499,LARGE,4) 150 to 199,NO,,No,,,,,Yes,Yes Toilets,No Water,No Bathing,No Waste,No Other Service,,,0
113_09_403,Next Haiti,,18.530533,-72.375299,CARREFOUR,9eme Bizoton,"Fontamara 47, Imp Azor",20 May 2013,Private,Spontaneous,Location,15,66,35,31,1.2) 10 to 19,SMALL,1) 1 to 49,NO,,No,,,,,Yes,No Toilets,No Water,No Bathing,No Waste,No Other Service,,,0
113_09_406,Lakou Maxime,,18.525462,-72.370437,PORT-AU-PRINCE,8eme Martissant,Fontamara 27 rue Maxime,27 May 2013,Private,Spontaneous,Location,7,20,10,10,1.1) 1 to 9,SMALL9,1) 1 to 49,NO,,No,,,,,Yes,No Toilets,No Water,No Bathing,No Waste,No Other Service,,,0
113_09_411,Bel Air 5,,18.521752,-72.375672,CARREFOUR,9eme Bizoton,la bel-air,23 May 2013,Private,Spontaneous,Location,16,67,32,35,1.2) 10 to 19,SMALL,1) 1 to 49,NO,,No,,,,,Yes,No Toilets,No Water,No Bathing,No Waste,No Other Service,,,0
113_09_413,Bel Air 3,,18.521503,-72.377867,CARREFOUR,9eme Bizoton,Bel-Air,20 May 2013,Private,Spontaneous,Location,7,27,14,13,1.1) 1 to 9,SMALL9,1) 1 to 49,YES,CARE,No,,,,,Yes,Yes Toilets,No Water,No Bathing,No Waste,No Other Service,,,0
113_10_007,Kan (C.U.F)27,,18.531436,-72.3664,PORT-AU-PRINCE,8eme Martissant,#89 bis Enfas Durand,27 May 2013,Private,Spontaneous,Location,11,42,21,21,1.2) 10 to 19,SMALL,1) 1 to 49,NO,,No,,,,,Yes,No Toilets,No Water,No Bathing,No Waste,No Other Service,,,0
113_10_301,Centre d'hebergement Ti Kajou,,18.52448,-72.39899,CARREFOUR,10eme Thor, mahotiere 75,24 May 2013,Public,Spontaneous,Camp,290,1130,548,582,3) 100 to 499,LARGE,6) 250 to 299,NO,,No,,,,,Yes,Yes Toilets,No Water,No Bathing,No Waste,No Other Service,,,11
113_10_303,Centre d'hebergement Lycee Louis Joseph Janvier,,18.54177,-72.4069,CARREFOUR,10eme Thor,"Imp.Hyppolite, Mon repos 50 / Lamantin 52",23 May 2013,Public,Spontaneous,Camp,102,337,174,163,3) 100 to 499,LARGE,3) 100 to 149,YES,DPC,No,,,,,Yes,No Toilets,No Water,No Bathing,No Waste,No Other Service,,,0
113_10_310,Teren Diquini,Piste 1,18.522463,-72.388108,CARREFOUR,10eme Thor, prolonge au dos du lycee Henry Christophe,20 May 2013,Private,Spontaneous,Settlement,23,98,51,47,2) 20 to 99,MEDIUM,1) 1 to 49,NO,,No,,,,,Yes,No Toilets,No Water,No Bathing,No Waste,No Other Service,,,0
113_10_311,Camp Teren Meri,,18.2638,-72.38817,CARREFOUR,10eme Thor,"Diquini 63, a cote de la mairie",24 May 2013,Public,Spontaneous,Camp,122,331,169,162,3) 100 to 499,LARGE,3) 100 to 149,NO,,No,,,,,No,Yes Toilets,No Water,No Bathing,No Waste,No Other Service,,,0
113_10_315,Camp Anba Mapou,,18.52109,-72.39104,CARREFOUR,10eme Thor,"Diquiini 63 Prolonge,",21 May 2013,Private,Spontaneous,Settlement,88,241,125,116,2) 20 to 99,MEDIUM,2) 50 to 99,NO,,No,,,,,Yes,Yes Toilets,Yes Water,No Bathing,No Waste,No Other Service,,,0
113_10_318,TET Ansanm/Arcahon 32,,18.542942,-72.398007,CARREFOUR,10eme Thor,,23 May 2013,Private,Spontaneous,Settlement,65,190,98,92,2) 20 to 99,MEDIUM,2) 50 to 99,NO,,No,,,,,Yes,Yes Toilets,No Water,No Bathing,No Waste,No Other Service,,,3
113_10_319,Camp Refugees,,18.522853,-72.390875,CARREFOUR,10eme Thor,"Route Tunel, Diquini 63",20 May 2013,Private,Spontaneous,Settlement,28,118,61,57,2) 20 to 99,MEDIUM,1) 1 to 49,NO,,No,,,,,Yes,No Toilets,No Water,No Bathing,No Waste,No Other Service,,,0
113_10_324,Centre d'hebergement Mon Repos 38 #113,,18.544835,-72.402641,CARREFOUR,10eme Thor,"113, Mon Repos 38",21 May 2013,Private,Spontaneous,Location,10,45,23,22,1.2) 10 to 19,SMALL,1) 1 to 49,NO,,No,,,,,Yes,No Toilets,No Water,No Bathing,No Waste,No Other Service,,,0
113_10_345,Centre d'hebergement Impasse Marseille,,18.536619,-72.413405,CARREFOUR,10eme Thor, Imp. Marseille,21 May 2013,Private,Spontaneous,Settlement,21,91,52,39,2) 20 to 99,MEDIUM,1) 1 to 49,NO,,No,,,,,Yes,No Toilets,No Water,No Bathing,No Waste,No Other Service,,,0
113_10_349,Centre d'hebergement Mirabel,,18.543637,-72.399343,CARREFOUR,10eme Thor,"Arcachon 32,",21 May 2013,Private,Spontaneous,Settlement,38,128,66,62,2) 20 to 99,MEDIUM,1) 1 to 49,NO,,No,,,,,Yes,No Toilets,No Water,No Bathing,No Waste,No Other Service,,,0
113_10_402,Teren Pak Alfred,Sant Abri Kot play 16 Teren pak Alfred,18.540954,-72.391398,CARREFOUR,10eme Thor,park alfredo,23 May 2013,Public,Spontaneous,Settlement,85,266,139,127,2) 20 to 99,MEDIUM,2) 50 to 99,NO,,No,,,,,No,No Toilets,No Water,No Bathing,No Waste,No Other Service,,,0
113_10_404,Camp Larame,,18.518641,-72.384955,CARREFOUR,9eme Bizoton,Larame,23 May 2013,Private,Spontaneous,Settlement,101,298,155,143,3) 100 to 499,LARGE,3) 100 to 149,NO,,No,,,,,Yes,Yes Toilets,No Water,No Bathing,No Waste,No Other Service,,,0
113_10_417,Centre d'hebergement Arcachon 34,,18.543684,-72.40059,CARREFOUR,10eme Thor,"Arcachon 34, Route de Carrefour",24 May 2009,Private,Spontaneous,Camp,113,463,241,222,3) 100 to 499,LARGE,3) 100 to 149,YES,CARE,No,,,,,Yes,Yes Toilets,No Water,No Bathing,No Waste,No Other Service,,,2
113_10_442,THOR 10,,18.534516,-72.388434,CARREFOUR,10eme Thor,"Terrain Shell, rue La Paix, rue Romaire, Thor 10",21 May 2013,Private,Spontaneous,Settlement,24,105,54,51,2) 20 to 99,MEDIUM,1) 1 to 49,NO,,No,,,,,Yes,No Toilets,No Water,No Bathing,No Waste,No Other Service,,,0
113_10_448,Eglise Corps de Christ,Domon,18.531407,-72.383814,CARREFOUR,10eme Thor,Rue Bremond,21 May 2013,Private,Spontaneous,Settlement,41,173,90,83,2) 20 to 99,MEDIUM,1) 1 to 49,NO,,No,,,,,Yes,Yes Toilets,No Water,No Bathing,No Waste,No Other Service,,,0
113_10_450,CHEGER / Des gens sans abri,Des gens sans abris,18.5283,-72.38741,CARREFOUR,10eme Thor,Diquini 63,23 May 2013,Public,Spontaneous,Camp,323,1433,746,687,3) 100 to 499,LARGE,7) 300 to 349,NO,,No,,,,,Yes,Yes Toilets,No Water,No Bathing,No Waste,No Other Service,,,15
113_10_456,Camp Pak Chabon,,18.528288,-72.38183,CARREFOUR,10eme Thor,"Bizoton 53 prolonge, Rue Normand",23 May 2013,Private,Spontaneous,Camp,115,380,197,183,3) 100 to 499,LARGE,3) 100 to 149,NO,,No,,,,,Yes,Yes Toilets,No Water,No Bathing,No Waste,No Other Service,,,0
113_10_468,Centre d'hebergement Mon repos 44,,18.541748,-72.404107,CARREFOUR,10eme Thor,"Rue Gentille, Mon repos 44",22 May 2013,Private,Spontaneous,Settlement,22,99,51,48,2) 20 to 99,MEDIUM,1) 1 to 49,NO,,No,,,,,Yes,No Toilets,No Water,No Bathing,No Waste,No Other Service,,,0
113_10_474,Ruelle Erab Centre D'hebergement,,18.526405,-72.399526,CARREFOUR,10eme Thor,"Ruelle Erable,  mahotiere 79",24 May 2013,Public,Spontaneous,Settlement,86,319,166,153,2) 20 to 99,MEDIUM,2) 50 to 99,NO,,No,,,,,Yes,Yes Toilets,No Water,No Bathing,No Waste,Yes Other Service,,,0
113_10_475,Centre d'hebergement Cocoye,,18.547604,-72.396865,CARREFOUR,10eme Thor,"114, cote-plage 24 route de Rail",24 May 2013,Private,Spontaneous,Settlement,92,310,161,149,2) 20 to 99,MEDIUM,2) 50 to 99,NO,,No,,,,,Yes,No Toilets,No Water,No Bathing,No Waste,No Other Service,,,3
113_10_476,TEMA 1,,18.527578,-72.394521,CARREFOUR,10eme Thor,Mahotiere 75,22 May 2013,Private,Spontaneous,Settlement,45,143,74,69,2) 20 to 99,MEDIUM,1) 1 to 49,NO,,No,,,,,Yes,No Toilets,No Water,No Bathing,No Waste,No Other Service,,,0
113_10_480,ARMAND 1,,18.527656,-72.40136,CARREFOUR,10eme Thor,"rue Armand, Mahotiere 79",23 May 2013,Private,Spontaneous,Settlement,18,71,36,35,1.2) 10 to 19,SMALL,1) 1 to 49,NO,,No,,,,,Yes,Yes Toilets,No Water,No Bathing,No Waste,No Other Service,,,0
113_10_481,ARMAND 2,,18.526326,-72.40079,CARREFOUR,10eme Thor,"Mahotiere 79 prolonge, rue Armand",23 May 2013,Private,Spontaneous,Settlement,51,191,99,92,2) 20 to 99,MEDIUM,2) 50 to 99,NO,,No,,,,,Yes,Yes Toilets,No Water,No Bathing,No Waste,No Other Service,,,0
113_10_482,ARMAND 3,,18.523091,-72.402024,CARREFOUR,10eme Thor,", Rue Armand prolongee",24 May 2013,Private,Spontaneous,Camp,88,388,202,186,2) 20 to 99,MEDIUM,2) 50 to 99,NO,,No,,,,,Yes,Yes Toilets,Yes Water,No Bathing,No Waste,No Other Service,,,0
113_10_484,Ecole Communale Louverture,site  l'ouverture,18.541095,-72.393522,CARREFOUR,10eme Thor,,24 May 2013,Public,Spontaneous,Camp,190,628,326,302,3) 100 to 499,LARGE,4) 150 to 199,NO,,No,,,,,Yes,No Toilets,No Water,No Bathing,No Waste,No Other Service,,,0
113_10_485,ACU (Action Citoyenne Unifiee),,18.539831,-72.395744,CARREFOUR,10eme Thor,#83 Cote Plage 24,23 May 2013,Private,Spontaneous,Location,11,52,27,25,1.2) 10 to 19,SMALL,1) 1 to 49,NO,,No,,,,,Yes,No Toilets,No Water,No Bathing,No Waste,No Other Service,,,0
113_10_486,Sant Lucien Laverture,,18.526351,-72.407931,CARREFOUR,10eme Thor,,23 May 2013,Private,Spontaneous,Settlement,18,78,38,40,1.2) 10 to 19,SMALL,1) 1 to 49,NO,,No,,,,,Yes,No Toilets,No Water,No Bathing,No Waste,No Other Service,,,0
113_10_491,Rue Bruyere,,18.54457,-72.398189,CARREFOUR,10eme Thor,,23 May 2013,Private,Spontaneous,Settlement,71,206,107,99,2) 20 to 99,MEDIUM,2) 50 to 99,NO,,No,,,,,Yes,No Toilets,No Water,No Bathing,No Waste,No Other Service,,,4
113_10_495,Centre d'Hebergement sous l'Antenne,,18.521847,-72.41161,CARREFOUR,10eme Thor,,23 May 2013,Private,Spontaneous,Settlement,47,183,95,88,2) 20 to 99,MEDIUM,1) 1 to 49,NO,,No,,,,,Yes,No Toilets,No Water,No Bathing,No Waste,No Other Service,,,0
113_11_303,Bon Berger,,18.539259,-72.424512,CARREFOUR,11eme Riviere Froide,,23 May 2013,Private,Spontaneous,Settlement,57,224,116,108,2) 20 to 99,MEDIUM,2) 50 to 99,NO,,No,,,,,Yes,No Toilets,No Water,No Bathing,No Waste,No Other Service,,,0
113_11_313,Camp Pak Titi,,18.551102,-72.4149,CARREFOUR,11eme Riviere Froide," lamantin 54,Sou Mango",23 May 2013,Private,Spontaneous,Location,17,72,37,35,1.2) 10 to 19,SMALL,1) 1 to 49,NO,,No,,,,,Yes,Yes Toilets,Yes Water,No Bathing,No Waste,No Other Service,,,0
113_11_314,Village Gaston Margron,,18.54146,-72.42605,CARREFOUR,11eme Riviere Froide,"Mariani 2, Route Nationale",24 May 2013,Private,Spontaneous,Camp,777,2327,1187,1140,4) 500 to 999,LARGE,11) 500 to 999,NO,,No,,,,,Yes,Yes Toilets,No Water,No Bathing,No Waste,Yes Other Service,,,0
113_11_323,Centre d'hebergement Moula,,18.534323,-72.426211,CARREFOUR,11eme Riviere Froide,Rue chez Cator prolonge blok CAMEP,23 May 2013,Public,Spontaneous,Settlement,20,71,36,35,2) 20 to 99,MEDIUM,1) 1 to 49,NO,,No,,,,,Yes,No Toilets,No Water,No Bathing,No Waste,No Other Service,,,0
113_11_324,Ti Sous,,18.533744,-72.422466,CARREFOUR,11eme Riviere Froide,Rue chez cator prolonge,23 May 2013,Private,Spontaneous,Camp,72,241,125,116,2) 20 to 99,MEDIUM,2) 50 to 99,YES,IFRC,No,,,,,Yes,Yes Toilets,No Water,No Bathing,No Waste,No Other Service,,,0
113_11_327,Camp de la Gras (Grace Village),Grace Village,18.5489,-72.408579,CARREFOUR,11eme Riviere Froide,Lamentin 54 #52,27 Jun 2013,Private,Spontaneous,Camp,592,2212,1128,1084,4) 500 to 999,LARGE,11) 500 to 999,NO,,No,,,,,Yes,Yes Toilets,Yes Water,Yes Bathing,No Waste,No Other Service,37065,16.75632911,0
113_11_409,OSCRAH,Organisation Socio Communautaire A la Recherche D'aide Humanitaire,18.540328,-72.434199,CARREFOUR,11eme Riviere Froide,Marianie 4,28 May 2013,Private,Spontaneous,Location,11,34,17,17,1.2) 10 to 19,SMALL,1) 1 to 49,NO,,No,,,,,Yes,No Toilets,No Water,No Bathing,No Waste,No Other Service,,,0
113_11_414,Centre d'hebergement de Truitier,Frere Jacques Milien,18.53714,-72.4193,CARREFOUR,11eme Riviere Froide,,23 May 2013,Private,Spontaneous,Camp,149,511,265,246,3) 100 to 499,LARGE,3) 100 to 149,NO,,No,,,,,Yes,Yes Toilets,No Water,No Bathing,No Waste,No Other Service,,,0
113_11_420,CGB - Comite des gens de bien,,18.543132,-72.421221,CARREFOUR,11eme Riviere Froide,"63, Rue micasa, Paloma",23 May 2013,Private,Spontaneous,Location,15,65,34,31,1.2) 10 to 19,SMALL,1) 1 to 49,NO,,No,,,,,Yes,Yes Toilets,Yes Water,No Bathing,No Waste,No Other Service,,,0
113_11_422,Village Alpha,,18.544912,-72.425517,CARREFOUR,11eme Riviere Froide,route rail 94,23 May 2013,Public,Spontaneous,Settlement,23,99,51,48,2) 20 to 99,MEDIUM,1) 1 to 49,NO,,No,,,,,Yes,Yes Toilets,No Water,No Bathing,No Waste,No Other Service,,,0
113_11_425,Centre d'hebergement Impasse Eden,,18.550792,-72.408337,CARREFOUR,11eme Riviere Froide, Route de Rail avant Lamantin 54,23 May 2013,Private,Spontaneous,Location,3,13,7,6,1.1) 1 to 9,SMALL9,1) 1 to 49,NO,,No,,,,,Yes,No Toilets,No Water,No Bathing,No Waste,No Other Service,,,0
113_11_429,Libellule,,18.542286,-72.43839,CARREFOUR,11eme Riviere Froide,,27 May 2013,Private,Spontaneous,Settlement,66,255,133,122,2) 20 to 99,MEDIUM,2) 50 to 99,NO,,No,,,,,Yes,No Toilets,No Water,No Bathing,No Waste,No Other Service,,,0
113_11_433,Camp CAJIT (Comite d'Appui des Jeunes de l'Impasse Thomas),,18.53772,-72.422752,CARREFOUR,11eme Riviere Froide,Paloma,23 May 2013,Private,Spontaneous,Location,18,68,34,34,1.2) 10 to 19,SMALL,1) 1 to 49,NO,,No,,,,,Yes,No Toilets,No Water,No Bathing,No Waste,No Other Service,,,0
113_11_436,Centre d'hebergement Truitier 20 Bis,,18.53634,-72.419288,CARREFOUR,11eme Riviere Froide,,23 May 2013,Private,Spontaneous,Camp,146,413,215,198,3) 100 to 499,LARGE,3) 100 to 149,NO,,No,,,,,Yes,Yes Toilets,No Water,Yes Bathing,No Waste,No Other Service,,,0
113_11_439,Bas Ti Sous,,18.538185,-72.424481,CARREFOUR,11eme Riviere Froide,,23 May 2013,Private,Spontaneous,Settlement,23,87,45,42,2) 20 to 99,MEDIUM,1) 1 to 49,NO,,No,,,,,Yes,Yes Toilets,No Water,No Bathing,No Waste,No Other Service,,,0
113_11_441,Centre d'hebergement Dos Bossi,,18.52926,-72.41875,CARREFOUR,11eme Riviere Froide,"Sapotille prolongee, entrée Truitier",24 May 2013,Private,Spontaneous,Settlement,61,208,108,100,2) 20 to 99,MEDIUM,2) 50 to 99,NO,,No,,,,,Yes,Yes Toilets,No Water,No Bathing,No Waste,No Other Service,,,0
113_11_443,Centre d'hebergement Mariani 8,ASCJM,18.542545,-72.434938,CARREFOUR,11eme Riviere Froide,CENTRE DE BERGEMENT MARIANI 8,27 May 2013,Private,Spontaneous,Settlement,67,213,111,102,2) 20 to 99,MEDIUM,2) 50 to 99,NO,,No,,,,,Yes,No Toilets,No Water,No Bathing,No Waste,No Other Service,,,0
113_11_447,Camp JERUSALEM,,18.5262,-72.41558,CARREFOUR,11eme Riviere Froide,Jericho,23 May 2013,Private,Spontaneous,Settlement,59,188,98,90,2) 20 to 99,MEDIUM,2) 50 to 99,NO,,No,,,,,Yes,Yes Toilets,No Water,No Bathing,No Waste,No Other Service,,,0
113_11_448,Camp JERICHO,Merite,18.52634,-72.418375,CARREFOUR,11eme Riviere Froide,Jericho,23 May 2013,Private,Spontaneous,Settlement,71,259,134,125,2) 20 to 99,MEDIUM,2) 50 to 99,NO,,No,,,,,Yes,Yes Toilets,No Water,No Bathing,No Waste,No Other Service,,,0
113_11_450,AUJECAD,Association Unique des Jeunes de carrefour pr le developpement,18.55078,-72.40505,CARREFOUR,11eme Riviere Froide,"route de Rail, mon repos 44",24 May 2013,Private,Spontaneous,Settlement,81,268,164,104,2) 20 to 99,MEDIUM,2) 50 to 99,NO,,No,,,,,Yes,No Toilets,No Water,No Bathing,No Waste,No Other Service,,,0
113_11_455,ODVPS,,18.55177,-72.40945,CARREFOUR,11eme Riviere Froide,,23 May 2013,Public,Spontaneous,Location,3,11,5,6,1.1) 1 to 9,SMALL9,1) 1 to 49,NO,,No,,,,,Yes,No Toilets,No Water,No Bathing,No Waste,No Other Service,,,0
113_11_457,ODEDM,Organisation pour la defense des Enfants demunis de Mariani,18.542093,-72.436567,CARREFOUR,Morne-a bateau,Mariani 8 et 10,27 May 2013,Private,Spontaneous,Settlement,71,244,126,118,2) 20 to 99,MEDIUM,2) 50 to 99,NO,,No,,,,,Yes,No Toilets,No Water,No Bathing,No Waste,No Other Service,,,0
113_11_464,APEC,,18.522794,-72.415565,CARREFOUR,11eme Riviere Froide,"Demichel, dans la montagne",23 May 2013,Private,Spontaneous,Settlement,22,81,42,39,2) 20 to 99,MEDIUM,1) 1 to 49,NO,,No,,,,,Yes,No Toilets,No Water,No Bathing,No Waste,No Other Service,,,0
113_11_465,Centre d'Hebergement de Bateau,,18.545475,-72.408334,CARREFOUR,11eme Riviere Froide,,23 May 2013,Private,Spontaneous,Settlement,21,87,45,42,2) 20 to 99,MEDIUM,1) 1 to 49,NO,,No,,,,,Yes,No Toilets,No Water,No Bathing,No Waste,No Other Service,,,0
113_11_466,Centre Polycarpe,,18.54281,-72.45467,CARREFOUR,11eme Riviere Froide,"Mariani zone Lambi 5, Bord puit",27 May 2013,Private,Spontaneous,Settlement,19,89,46,43,1.2) 10 to 19,SMALL,1) 1 to 49,NO,,No,,,,,Yes,No Toilets,No Water,No Bathing,No Waste,No Other Service,,,0
113_11_467,APEC 2,,18.5484,-72.41077,CARREFOUR,11eme Riviere Froide,Route de Rail,23 May 2013,Private,Spontaneous,Settlement,41,178,92,86,2) 20 to 99,MEDIUM,1) 1 to 49,NO,,No,,,,,Yes,No Toilets,No Water,No Bathing,No Waste,No Other Service,,,0
114_03_305,Acra 2,Jewna / Centre Acra 2,18.517474,-72.301107,PETION-VILLE,3eme Etang du Jong,Juvenat #170,13 Jun 2013,Private,Spontaneous,Camp,238,687,357,330,3) 100 to 499,LARGE,5) 200 to 249,NO,,No,,,,,Yes,Yes Toilets,No Water,No Bathing,No Waste,No Other Service,,,0
114_03_306,Morne Hercule Citron,,18.52364,-72.29888,PETION-VILLE,3eme Etang du Jong,Citron,10 May 2013,Private,Spontaneous,Camp,245,941,489,452,3) 100 to 499,LARGE,5) 200 to 249,NO,,No,,,,,Yes,Yes Toilets,No Water,No Bathing,No Waste,No Other Service,,,0
114_03_307,kan de Zo 1,Bremon A,18.520296,-72.304924,PETION-VILLE,3eme Etang du Jong,Bremond A( dezo),13 May 2013,Private,Spontaneous,Location,8,23,11,12,1.1) 1 to 9,SMALL9,1) 1 to 49,NO,,No,,,,,Yes,No Toilets,No Water,No Bathing,No Waste,No Other Service,,,0
114_03_404,Juvenat 3,,18.518892,-72.303532,PETION-VILLE,3eme Etang du Jong,Route Canape- Vert Juvenat 3 Impasse Avril,13 Jun 2013,Private,Spontaneous,Camp,78,238,123,115,2) 20 to 99,MEDIUM,2) 50 to 99,NO,,No,,,,,Yes,Yes Toilets,No Water,No Bathing,No Waste,No Other Service,,,1
114_04_301,Ann Pote Kole,,18.50922,-72.272895,PETION-VILLE,4eme Bellevue la Montagne,54 Rue Chavan Prol.,05 Jun 2013,Public,Spontaneous,Settlement,62,253,131,122,2) 20 to 99,MEDIUM,2) 50 to 99,YES,GOAL,No,,,,,Yes,Yes Toilets,No Water,No Bathing,No Waste,No Other Service,,,0
114_04_303,BOULAY,BOULAY 2,18.506988,-72.276523,PETION-VILLE,4eme Bellevue la Montagne,,15 May 2013,Public,Spontaneous,Settlement,39,144,74,70,2) 20 to 99,MEDIUM,1) 1 to 49,YES,GOAL,No,,,,,Yes,Yes Toilets,No Water,No Bathing,No Waste,No Other Service,,,0
114_05_008,Bristou,B1,18.519133,-72.277267,PETION-VILLE,7eme Bellevue Chardonniere,Bristou,10 Jun 2013,Private,Spontaneous,Camp,32,105,54,51,2) 20 to 99,MEDIUM,1) 1 to 49,NO,,No,,,,,Yes,Yes Toilets,No Water,No Bathing,No Waste,No Other Service,,,0
114_05_022,APBB(Abri provisoire Bas Bobin),,18.52282,-72.27632,PETION-VILLE,7eme Bellevue Chardonniere,Bas Bobin,05 Jun 2013,Private,Spontaneous,Settlement,61,215,111,104,2) 20 to 99,MEDIUM,2) 50 to 99,YES,WVI,No,,,,,Yes,No Toilets,No Water,No Bathing,No Waste,No Other Service,,,0
114_05_026,Neret 1,,18.519338,-72.287855,PETION-VILLE,7eme Bellevue Chardonniere,Nerette,10 May 2013,Private,Spontaneous,Settlement,93,324,168,156,2) 20 to 99,MEDIUM,2) 50 to 99,NO,,No,,,,,Yes,Yes Toilets,No Water,No Bathing,No Waste,No Other Service,,,0
114_05_030,B8/ RCDP,,18.52066,-72.27386,PETION-VILLE,7eme Bellevue Chardonniere,"Peguy-ville,Boukan Lapli",27 Jun 2013,Private,Spontaneous,Settlement,81,364,189,175,2) 20 to 99,MEDIUM,2) 50 to 99,NO,,No,,,,,Yes,Yes Toilets,No Water,No Bathing,No Waste,No Other Service,,,0
114_05_031,SPH,,18.51939,-72.27412,PETION-VILLE,7eme Bellevue Chardonniere,Boukan Lapli,11 Jun 2013,Private,Spontaneous,Settlement,62,280,145,135,2) 20 to 99,MEDIUM,2) 50 to 99,NO,,No,,,,,Yes,Yes Toilets,No Water,No Bathing,No Waste,No Other Service,,,0
114_05_044,Soisson,Soisson en action,18.544371,-72.23858,PETION-VILLE,7eme Bellevue Chardonniere,"Route de Freres ,tabarre 49",10 Jun 2013,Private,Spontaneous,Settlement,77,285,148,137,2) 20 to 99,MEDIUM,2) 50 to 99,NO,,No,,,,,Yes,No Toilets,No Water,No Bathing,No Waste,No Other Service,,,0
114_05_046,Centre D'Hebergement Provisoire Ecole Nationale de Freres,,18.523964,-72.260455,PETION-VILLE,7eme Bellevue Chardonniere,Rout Frè,13 Jun 2013,Public,Spontaneous,Settlement,73,237,122,115,2) 20 to 99,MEDIUM,2) 50 to 99,NO,,No,,,,,Yes,No Toilets,No Water,Yes Bathing,No Waste,No Other Service,,,0
114_05_047,Kan Teren Belvil,,18.52927,-72.256257,PETION-VILLE,7eme Bellevue Chardonniere,Petion-Ville,13 Jun 2013,Public,Spontaneous,Camp,170,596,310,286,3) 100 to 499,LARGE,4) 150 to 199,YES,WVI,No,,,,,Yes,Yes Toilets,No Water,No Bathing,No Waste,No Other Service,,,0
114_05_305,Bobin,,18.521233,-72.278066,PETION-VILLE,7eme Bellevue Chardonniere,Delmas 105,10 Jun 2013,Private,Spontaneous,Camp,173,644,334,310,3) 100 to 499,LARGE,4) 150 to 199,NO,,No,,,,,Yes,Yes Toilets,No Water,No Bathing,No Waste,No Other Service,12915,20.05434783,0
114_05_308,UTEPDB,,18.52269,-72.27508,PETION-VILLE,7eme Bellevue Chardonniere,Bas bobin,05 Jun 2013,Private,Spontaneous,Camp,111,408,212,196,3) 100 to 499,LARGE,3) 100 to 149,NO,,No,,,,,Yes,Yes Toilets,No Water,No Bathing,No Waste,No Other Service,,,0
114_05_310,AJTD,,18.52180114,-72.25735704,PETION-VILLE,7eme Bellevue Chardonniere,"rout fre 38, impasse dorce",15 May 2013,Private,Spontaneous,Location,4,17,8,9,1.1) 1 to 9,SMALL9,1) 1 to 49,NO,,No,,,,,Yes,No Toilets,No Water,No Bathing,No Waste,No Other Service,,,0
114_05_328,C.R 3 (Entree Rue Mercier Lahame # 2),,18.528417,-72.289362,PETION-VILLE,7eme bellevue chardonniere,"Delmas 60 Rue Mercier L. #2, en Face CHF",05 Jun 2013,Private,Spontaneous,Settlement,80,250,130,120,2) 20 to 99,MEDIUM,2) 50 to 99,NO,,No,,,,,Yes,Yes Toilets,No Water,No Bathing,No Waste,No Other Service,,,0
114_05_331,Lakou Smark Michel,,18.518062,-72.279449,PETION-VILLE,7eme Bellevue Chardonniere,"Peguy-ville,Bristou",13 May 2013,Private,Spontaneous,Location,27,112,58,54,2) 20 to 99,MEDIUM,1) 1 to 49,NO,,No,,,,,Yes,Yes Toilets,No Water,Yes Bathing,No Waste,Yes Other Service,,,18
114_05_339,"C.R 10 (Delmas 60/Imp. Alexis, Imp. Vava. Anba Kenep)",,18.528911,-72.294698,PETION-VILLE,7eme Bellevue Chardonniere,Musseau,13 May 2013,Private,Spontaneous,Settlement,34,138,71,67,2) 20 to 99,MEDIUM,1) 1 to 49,NO,,No,,,,,Yes,No Toilets,No Water,No Bathing,No Waste,No Other Service,,,0
114_05_353,Tabarre ISA,,18.5363,-72.2302,PETION-VILLE,7eme Bellevue Chardonniere,Anba Galette Grefin,10 Jun 2013,Public,Planned,Camp,534,2681,1394,1287,4) 500 to 999,LARGE,11) 500 to 999,NO,,No,,,,,Yes,Yes Toilets,No Water,Yes Bathing,No Waste,No Other Service,,,100
114_05_401,MFO,,18.523219,-72.2712,PETION-VILLE,7eme Bellevue Chardonniere,Rue St Louis Gentil Prolonge,15 May 2013,Private,Spontaneous,Location,13,51,26,25,1.2) 10 to 19,SMALL,1) 1 to 49,NO,,No,,,,,Yes,No Toilets,No Water,No Bathing,No Waste,No Other Service,,,0
114_05_409,TET Ansanm/Haut Musseau,,18.529575,-72.295055,PETION-VILLE,7eme Bellevue Chardonniere, Rue Stephen Impasse Lili,13 May 2013,Private,Spontaneous,Location,8,37,18,19,1.1) 1 to 9,SMALL9,1) 1 to 49,NO,,No,,,,,Yes,No Toilets,No Water,No Bathing,No Waste,No Other Service,,,0
114_05_413,UOSSIP,,18.518959,-72.279061,PETION-VILLE,7eme Bellevue Chardonniere,Bristou,13 May 2013,Private,Spontaneous,Settlement,22,81,42,39,2) 20 to 99,MEDIUM,1) 1 to 49,NO,,No,,,,,Yes,No Toilets,No Water,No Bathing,No Waste,Yes Other Service,,,4
114_05_415,OJFDP,Organisation des Jeunes Formes pour le Developpement de Petion Ville,18.52001,-72.2673,PETION-VILLE,7eme Bellevue Chardonniere,Route frere rue de la pepiniere bas duval cite bob,10 May 2013,Private,Spontaneous,Camp,102,382,199,183,3) 100 to 499,LARGE,3) 100 to 149,NO,,No,,,,,Yes,Yes Toilets,No Water,No Bathing,No Waste,No Other Service,,,0
114_05_416,Jacquet Toto Pitimi ,,18.53114,-72.27862,PETION-VILLE,7eme Bellevue Chardonniere,44 Imp. Alfred Vieux Jacket toto,05 Jun 2013,Private,Spontaneous,Camp,849,2929,1523,1406,4) 500 to 999,LARGE,11) 500 to 999,NO,,No,,,,,Yes,Yes Toilets,No Water,No Bathing,Yes Waste,No Other Service,,,0
114_05_452,Abris Delmas 62,,18.527,-72.28738,PETION-VILLE,7eme Bellevue Chardonniere,Delmas 62,05 Jun 2013,Private,Spontaneous,Settlement,52,156,81,75,2) 20 to 99,MEDIUM,2) 50 to 99,NO,,No,,,,,Yes,No Toilets,No Water,No Bathing,No Waste,No Other Service,,,0
114_05_462,Jacket,,18.528719,-72.279266,PETION-VILLE,7eme Bellevue Chardonniere, Jacket Toto Impasse Alfred Vieux,15 May 2013,Private,Spontaneous,Location,13,45,23,22,1.2) 10 to 19,SMALL,1) 1 to 49,NO,,No,,,,,Yes,No Toilets,No Water,No Bathing,No Waste,No Other Service,,,0
114_05_467,COJET (Comite des Jeunes du Travail),Cojet B12,18.522749,-72.275848,PETION-VILLE,7eme Bellevue Chardonniere,Bas Bobin,15 May 2013,Public,Spontaneous,Settlement,29,118,65,53,2) 20 to 99,MEDIUM,1) 1 to 49,NO,,No,,,,,Yes,No Toilets,No Water,No Bathing,No Waste,No Other Service,,,0
114_05_470,Coin des Artistes,,18.517568,-72.289318,PETION-VILLE,7eme Bellevue Chardonniere,rue panamericaine no 55 en face capital bank,16 May 2013,Private,Spontaneous,Settlement,41,165,86,79,2) 20 to 99,MEDIUM,1) 1 to 49,YES,WVI,No,,,,,Yes,No Toilets,No Water,No Bathing,No Waste,No Other Service,,,0
114_05_478,Centre d'Hebergement de Galette Greffin,,18.536433,-72.22733,PETION-VILLE,7eme Bellevue Chardonniere,Galette Grephin,06 Oct 2013,Private,Spontaneous,Settlement,61,221,114,107,2) 20 to 99,MEDIUM,2) 50 to 99,NO,,No,,,,,Yes,Yes Toilets,No Water,No Bathing,No Waste,No Other Service,,,100
114_05_481,Peguy-Ville; Do mon,,18.515573,-72.278213,PETION-VILLE,7eme Bellevue Chardonniere,"Petion-Ville, Impasse Erice",13 May 2013,Private,Spontaneous,Location,9,32,17,15,1.1) 1 to 9,SMALL9,1) 1 to 49,NO,,No,,,,,Yes,No Toilets,No Water,No Bathing,No Waste,No Other Service,,,0
114_05_485,Camp Tousine,,18.5141,-72.278939,PETION-VILLE,7eme Bellevue Chardonniere,,13 May 2013,Private,Spontaneous,Location,21,85,44,41,2) 20 to 99,MEDIUM,1) 1 to 49,NO,,No,,,,,Yes,No Toilets,No Water,No Bathing,No Waste,No Other Service,456,5.364705882,0
114_05_493,Coraille 2,,18.52047,-72.257838,PETION-VILLE,"7eme Bellevue
7eme Bellevue",Coraille 2,15 May 2013,Private,Spontaneous,Location,11,41,21,20,1.2) 10 to 19,SMALL,1) 1 to 49,NO,,No,,,,,Yes,No Toilets,No Water,No Bathing,No Waste,No Other Service,,,0
116_01_310,Siyon,,18.540756,-72.458008,GRESSIER,1ere Morne a Bateau,"Grand Salin, Riyel Lavilet",27 May 2013,Private,Spontaneous,Location,1,2,1,1,1.1) 1 to 9,SMALL9,1) 1 to 49,YES,GOAL,No,,,,,No,No Toilets,No Water,No Bathing,No Waste,No Other Service,,,0
116_02_310,CHHCG,,18.542819,-72.520532,GRESSIER,23eme Morne Chandelle,Kolonbye,27 May 2013,Public,Spontaneous,Settlement,21,54,28,26,2) 20 to 99,MEDIUM,1) 1 to 49,YES,GOAL,No,,,,,Yes,No Toilets,No Water,No Bathing,No Waste,No Other Service,,,0
116_02_311,Cite Gressier,Mairie,18.541734,-72.522182,GRESSIER,23eme Morne Chandelle,,27 May 2013,Private,Spontaneous,Settlement,1,3,1,2,1.1) 1 to 9,SMALL9,1) 1 to 49,NO,,No,,,,,No,No Toilets,No Water,No Bathing,No Waste,No Other Service,,,0
116_02_315,Baz Bananye,CCHSSG (Comite Camp d'Hebergement des Sinistres du Seisme - Komite Kan debejman de sinistre di seism),18.540547,-72.529574,GRESSIER,23eme Morne Chandelle,Wout Gilou Beach,27 May 2013,Public,Spontaneous,Settlement,26,86,45,41,2) 20 to 99,MEDIUM,1) 1 to 49,YES,GOAL,No,,,,,Yes,No Toilets,No Water,No Bathing,No Waste,No Other Service,,,0
116_03_001,Teren de la Kolin,Kan de la Kolin,18.532572,-72.551086,GRESSIER,24eme Petit Boucan,,27 May 2013,Public,Spontaneous,Settlement,120,514,267,247,3) 100 to 499,LARGE,3) 100 to 149,NO,,No,,,,,Yes,No Toilets,Yes Water,No Bathing,No Waste,No Other Service,,,30
116_03_304,Village Kolin Academy,,18.531862,-72.554553,GRESSIER,24eme Petit Boucan,Senj,27 May 2013,Public,Spontaneous,Location,16,58,30,28,1.2) 10 to 19,SMALL,1) 1 to 49,YES,GOAL,No,,,,,Yes,Yes Toilets,No Water,No Bathing,No Waste,No Other Service,,,0
116_03_305,Cite Priva,,18.534926,-72.543195,GRESSIER,3eme Petit Boucan,santo/Gressier,27 May 2013,Private,Spontaneous,Location,2,5,2,3,1.1) 1 to 9,SMALL9,1) 1 to 49,YES,GOAL,No,,,,,No,No Toilets,No Water,No Bathing,No Waste,No Other Service,,,0
116_03_307,La Cour  Neuve,Lakou Nef / C.R.A.V.C,18.533137,-72.546063,GRESSIER,24eme Petit Boucan,Gressier,28 Jun 2013,Public,Spontaneous,Location,7,28,14,14,1.1) 1 to 9,SMALL9,1) 1 to 49,YES,GOAL,No,,,,,Yes,Yes Toilets,No Water,No Bathing,No Waste,No Other Service,1930,68.92857143,57
116_03_318,Morne Cimetiere,,18.5413,-72.59226,GRESSIER,24eme Petit Boucan,Mon Simetye,27 May 2013,Private,Spontaneous,Settlement,31,152,79,73,2) 20 to 99,MEDIUM,1) 1 to 49,YES,GOAL,No,,,,,Yes,No Toilets,No Water,No Bathing,No Waste,No Other Service,,,31
116_03_335,Santo 1,,18.537117,-72.535388,GRESSIER,23eme Petit Boucan,Santo 1,27 May 2013,Private,Spontaneous,Location,1,3,1,2,1.1) 1 to 9,SMALL9,1) 1 to 49,YES,GOAL,No,,,,,No,No Toilets,No Water,No Bathing,No Waste,No Other Service,,,0
117_01_002,Place Immaculee Conception,Camp Immaculee,18.57583,-72.32556,CITE SOLEIL,1ere Varreux,Michico,30 May 2013,Public,Spontaneous,Settlement,80,335,197,138,2) 20 to 99,MEDIUM,2) 50 to 99,NO,,No,,,,,Yes,Yes Toilets,No Water,No Bathing,No Waste,No Other Service,,,0
117_01_008,Centre d'Hebergement Tapis Vert,L'Athletique/Bois Neuf/LADH2,18.588303,-72.32418,CITE SOLEIL,1ere Varreux,Projet Drouillard,30 May 2009,Other,Spontaneous,Camp,470,1868,970,898,3) 100 to 499,LARGE,10) 450 to 499,NO,,No,,,,,Yes,Yes Toilets,Yes Water,No Bathing,No Waste,Yes Other Service,,,0
117_01_301,REJI,,18.57096,-72.3281,CITE SOLEIL,1ere Varreux,boston,30 May 2013,Private,Spontaneous,Camp,105,430,223,207,3) 100 to 499,LARGE,3) 100 to 149,NO,,No,,,,,Yes,Yes Toilets,No Water,No Bathing,No Waste,No Other Service,,,0
117_01_305,Kan Nelio,,18.57576,-72.32137,CITE SOLEIL,1ere Varreux,katye Nelio,30 May 2013,Private,Spontaneous,Settlement,83,290,150,140,2) 20 to 99,MEDIUM,2) 50 to 99,NO,,No,,,,,Yes,Yes Toilets,No Water,No Bathing,No Waste,Yes Other Service,,,0
117_01_306,Faitree Michico,Centre d'herber germain de michico,18.573897,-72.324142,CITE SOLEIL,1ere Varreux,Michico,28 Jun 2013,Private,Spontaneous,Camp,120,480,230,250,3) 100 to 499,LARGE,3) 100 to 149,NO,,No,,,,,Yes,No Toilets,No Water,No Bathing,No Waste,Yes Other Service,7061,14.71041667,0
117_01_308,Pois CONGO (APDP Association Progressive Pour Le Developpement Depoisoongo),,18.607308,-72.319782,CITE SOLEIL,1ere Varreux,Pois Congo,03 Jun 2013,Private,Spontaneous,Settlement,28,96,50,46,2) 20 to 99,MEDIUM,1) 1 to 49,NO,,No,,,,,Yes,Yes Toilets,Yes Water,No Bathing,No Waste,No Other Service,,,0
117_01_313,CREFD (Centre Refuge des Enfants),CAVIL,18.57691,-72.32541,CITE SOLEIL,1ere Varreux,2e cite lumiere,30 May 2013,Public,Planned,Camp,92,368,190,178,2) 20 to 99,MEDIUM,2) 50 to 99,NO,,No,,,,,Yes,Yes Toilets,No Water,No Bathing,No Waste,No Other Service,,,71
117_01_314,COSSBAMI,,18.575488,-72.326094,CITE SOLEIL,1ere Varreux,"rte nle #1,a L'Interieur,bas michico",28 Jun 2013,Other,Spontaneous,Settlement,60,240,124,116,2) 20 to 99,MEDIUM,2) 50 to 99,NO,,No,,,,,Yes,Yes Toilets,No Water,No Bathing,No Waste,Yes Other Service,5596,23.31666667,0
117_01_410,CHCJ,Lacour Jules,18.58719,-72.31384,CITE SOLEIL,1ere Varreux,La Cour Jules,30 May 2013,Private,Spontaneous,Settlement,52,150,78,72,2) 20 to 99,MEDIUM,2) 50 to 99,NO,,No,,,,,Yes,Yes Toilets,No Water,No Bathing,No Waste,No Other Service,,,0
117_01_412,C.A.P.V.V.A.,,18.57822,-72.324,CITE SOLEIL,1ere Varreux,Nelio,30 May 2013,Private,Spontaneous,Camp,419,2095,1068,1027,3) 100 to 499,LARGE,9) 400 to 449,NO,,No,,,,,Yes,No Toilets,No Water,No Bathing,No Waste,Yes Other Service,,,0
117_01_413,Izole,,18.575155,-72.321926,CITE SOLEIL,1ere Varreux,Izole,03 Jun 2013,Public,Spontaneous,Location,3,10,6,4,1.1) 1 to 9,SMALL9,1) 1 to 49,NO,,No,,,,,Yes,No Toilets,No Water,No Bathing,No Waste,No Other Service,,,0
117_01_423,Paul Moral,,18.565665,-72.336772,CITE SOLEIL,2eme Varreux,Angle Rue Paul Moral et Boulevard Americain,03 Jun 2013,Public,Spontaneous,Settlement,48,138,71,67,2) 20 to 99,MEDIUM,1) 1 to 49,NO,,No,,,,,Yes,No Toilets,No Water,No Bathing,No Waste,No Other Service,,,0
117_01_424,SOHAMO,Solidarite des Handicapes Moteurs,18.5749,-72.32491,CITE SOLEIL,1ere Varreux,Michiko,30 May 2013,Private,Spontaneous,Settlement,71,200,104,96,2) 20 to 99,MEDIUM,2) 50 to 99,NO,,No,,,,,Yes,Yes Toilets,No Water,No Bathing,No Waste,No Other Service,,,0
117_01_429,Cartes sur Table,,18.57638,-72.31925,CITE SOLEIL,1ere Varreux,,30 May 2013,Private,Spontaneous,Settlement,93,378,196,182,2) 20 to 99,MEDIUM,2) 50 to 99,NO,,No,,,,,Yes,Yes Toilets,No Water,Yes Bathing,No Waste,No Other Service,,,0
117_02_007,Laiterie de Damien,Cogeslad (Centre  Vétérinaire de Damiens ),18.59554,-72.29285,CITE SOLEIL,2eme Varreux,"damien,wout barbancourt(letterie)#75",30 May 2013,Public,Spontaneous,Camp,137,405,210,195,3) 100 to 499,LARGE,3) 100 to 149,YES,IFRC,No,,,,,Yes,Yes Toilets,No Water,No Bathing,No Waste,No Other Service,,,0
117_02_304,RADIO COMMERCE,,18.584156,-72.306999,CITE SOLEIL,2eme Varreux,SARTHE 43,30 May 2013,Public,Spontaneous,Camp,520,2480,1314,1166,4) 500 to 999,LARGE,11) 500 to 999,NO,,No,,,,,Yes,Yes Toilets,No Water,No Bathing,No Waste,No Other Service,,,100
117_02_308,Rasauvid63,,18.59358,-72.2949,CITE SOLEIL,2eme Varreux," macaya,(damien 63)",30 May 2013,Public,Spontaneous,Settlement,90,312,162,150,2) 20 to 99,MEDIUM,2) 50 to 99,NO,,No,,,,,Yes,Yes Toilets,No Water,No Bathing,No Waste,No Other Service,,,0
117_02_405,COCHENA,,18.535,-72.3054,CITE SOLEIL,2eme Varreux,Sarthe 49,30 May 2013,Private,Spontaneous,Settlement,88,352,183,169,2) 20 to 99,MEDIUM,2) 50 to 99,NO,,No,,,,,Yes,No Toilets,No Water,No Bathing,No Waste,No Other Service,,,0
117_02_406,Parc Poussière,,18.58564,-72.3045,CITE SOLEIL,2eme Varreux,Rue Nerette,03 Jun 2013,Private,Spontaneous,Settlement,75,300,156,144,2) 20 to 99,MEDIUM,2) 50 to 99,NO,,No,,,,,Yes,Yes Toilets,No Water,No Bathing,No Waste,No Other Service,,,0
117_02_420,Kan 25,,18.591672,-72.300591,CITE SOLEIL,2eme Varreux,Sarthe,28 Jun 2013,Private,Spontaneous,Settlement,20,60,31,29,2) 20 to 99,MEDIUM,1) 1 to 49,NO,,No,,,,,Yes,Yes Toilets,No Water,Yes Bathing,No Waste,No Other Service,2846,47.43333333,0
117_02_424,ACT,,18.591007,-72.312756,CITE SOLEIL,2eme Varreux,route nationale numero 1,03 Jun 2013,Private,Spontaneous,Settlement,20,60,31,29,2) 20 to 99,MEDIUM,1) 1 to 49,NO,,No,,,,,Yes,No Toilets,No Water,No Bathing,No Waste,No Other Service,,,0
118_03_009,Parc Clebert,,18.58197,-72.30417,TABARRE,3eme Bellevue,"Sartre 36, Impasse Clebert",31 May 2013,Private,Spontaneous,Camp,169,527,264,263,3) 100 to 499,LARGE,4) 150 to 199,NO,,No,,,,,Yes,Yes Toilets,No Water,Yes Bathing,No Waste,No Other Service,,,0
118_03_011,Association Des Jeunes Et Des Adultes,,18.58266,-72.27248,TABARRE,3eme Bellevue,,30 May 2013,Private,Spontaneous,Settlement,63,195,94,101,2) 20 to 99,MEDIUM,2) 50 to 99,NO,,No,,,,,Yes,No Toilets,No Water,No Bathing,No Waste,No Other Service,,,0
118_03_016,St Etienne 1,,18.600175,-72.293701,TABARRE,3eme Bellevue,"Rte Ntle # 1, rte Barbancourt, Rue St. Etienne",30 May 2013,Public,Spontaneous,Camp,134,630,327,303,3) 100 to 499,LARGE,3) 100 to 149,NO,,No,,,,,Yes,Yes Toilets,No Water,No Bathing,No Waste,No Other Service,,,67
118_03_017,St Etienne 2,,18.601818,-72.295012,TABARRE,3eme Bellevue,"Bigarad,ri saint etienne",05 Jun 2013,Public,Spontaneous,Camp,150,390,202,188,3) 100 to 499,LARGE,4) 150 to 199,NO,,No,,,,,Yes,Yes Toilets,No Water,No Bathing,No Waste,Yes Other Service,,,0
118_03_027,Centre Refugies Hatiens,Vilam Beta,18.562208,-72.271899,TABARRE,3eme Bellevue,Mais Gate 44,28 Jun 2013,Public,Spontaneous,Camp,25,100,52,48,2) 20 to 99,MEDIUM,1) 1 to 49,YES,IOM,No,,,,,Yes,Yes Toilets,No Water,Yes Bathing,No Waste,No Other Service,68599,685.99,29
118_03_036,NDPS,CSVS,18.57255,-72.2908,TABARRE,3eme Bellevue,enface cite castro,06 Mar 2013,Private,Spontaneous,Camp,331,979,509,470,3) 100 to 499,LARGE,7) 300 to 349,NO,,No,,,,,Yes,Yes Toilets,No Water,No Bathing,No Waste,Yes Other Service,,,0
118_03_039,Parc Heritier de Cazeau,,18.588326,-72.287796,TABARRE,3eme Bellevue,,30 May 2013,Private,Spontaneous,Camp,131,477,248,229,3) 100 to 499,LARGE,3) 100 to 149,NO,,No,,,,,Yes,Yes Toilets,No Water,No Bathing,No Waste,No Other Service,,,0
118_03_040,Bo Eugene,Pak Eugene,18.58766,-72.289519,TABARRE,3eme Bellevue,rue Elina (en fas ceramique center),30 May 2013,Private,Spontaneous,Location,15,48,25,23,1.2) 10 to 19,SMALL,1) 1 to 49,NO,,No,,,,,Yes,No Toilets,No Water,No Bathing,No Waste,No Other Service,,,0
118_03_306,Terrain La Couronne de Cira,,18.583377,-72.279107,TABARRE,3eme Bellevue,"Tabarre, 16, Rue Bellevue prolongee",30 May 2013,Private,Spontaneous,Settlement,33,134,69,65,2) 20 to 99,MEDIUM,1) 1 to 49,NO,,No,,,,,Yes,No Toilets,No Water,No Bathing,No Waste,No Other Service,,,0
118_03_313,TET Ansanm de Tabarre 27,,18.58191,-72.25566,TABARRE,3eme Bellevue,Tabarre 27,30 May 2013,Private,Spontaneous,Settlement,141,525,273,252,3) 100 to 499,LARGE,3) 100 to 149,NO,,No,,,,,Yes,Yes Toilets,No Water,No Bathing,Yes Waste,Yes Other Service,,,0
118_03_319,Joseph Guide,,18.587485,-72.273718,TABARRE,3eme Bellevue,Impasse victorin,29 May 2013,Private,Spontaneous,Location,5,12,6,6,1.1) 1 to 9,SMALL9,1) 1 to 49,NO,,No,,,,,Yes,No Toilets,No Water,No Bathing,No Waste,No Other Service,,,0
118_03_325,COFAVS(Comite des familles victimes du seisme ),,18.580583,-72.26316,TABARRE,3eme Bellevue,"Tabarre 25C,  Viillages des manguiers.",31 May 2013,Private,Spontaneous,Settlement,54,152,79,73,2) 20 to 99,MEDIUM,2) 50 to 99,NO,,No,,,,,Yes,Yes Toilets,No Water,No Bathing,No Waste,No Other Service,,,0
118_03_335,Refuge Pak Bope,,18.58226,-72.28867,TABARRE,3eme Bellevue,Tabarre 10 pwolonje #2,30 May 2013,Private,Spontaneous,Camp,124,485,252,233,3) 100 to 499,LARGE,3) 100 to 149,NO,,No,,,,,Yes,Yes Toilets,No Water,No Bathing,No Waste,No Other Service,,,1
118_03_338,Trazelie,,18.570345,-72.28435,TABARRE,3eme Bellevue,Mais Gate 17 rue Trazelie,31 May 2013,Private,Spontaneous,Camp,417,1298,675,623,3) 100 to 499,LARGE,9) 400 to 449,NO,,No,,,,,Yes,Yes Toilets,No Water,No Bathing,No Waste,Yes Other Service,,,0
118_03_403,Centre d'hebergement de Terrain Papeau,,18.59062,-72.28539,TABARRE,3eme Bellevue,"Boulevard 15 Octobre,Tabarre 9,ri Papo",30 May 2013,Private,Spontaneous,Settlement,70,207,107,100,2) 20 to 99,MEDIUM,2) 50 to 99,NO,,No,,,,,Yes,Yes Toilets,No Water,Yes Bathing,No Waste,Yes Other Service,,,0
118_03_411,Camp Mina,,18.58534,-72.27196,TABARRE,3eme Bellevue,impasse Mina#20,30 May 2013,Private,Spontaneous,Camp,162,505,262,243,3) 100 to 499,LARGE,4) 150 to 199,NO,,No,,,,,Yes,Yes Toilets,No Water,No Bathing,No Waste,No Other Service,,,0
118_03_418,CVS,,18.581922,-72.303347,TABARRE,3eme Bellevue,Impasse foyer divin,06 Jun 2013,Private,Spontaneous,Settlement,46,169,87,82,2) 20 to 99,MEDIUM,1) 1 to 49,NO,,No,,,,,Yes,No Toilets,No Water,No Bathing,No Waste,No Other Service,,,0
118_03_420,Site d'Hebergement des Employes de l'EDH,,18.58795,-72.27831,TABARRE,3eme Bellevue,"Rue D. Plaisimond, Clercine 11",06 May 2013,Public,Spontaneous,Settlement,72,338,175,163,2) 20 to 99,MEDIUM,2) 50 to 99,NO,,No,,,,,Yes,Yes Toilets,Yes Water,Yes Bathing,No Waste,No Other Service,,,56
118_03_427,Village Eden,,18.56827,-72.28192,TABARRE,3eme Bellevue,Gerald Bataille,30 May 2013,Public,Spontaneous,Settlement,76,405,210,195,2) 20 to 99,MEDIUM,2) 50 to 99,NO,,No,,,,,Yes,Yes Toilets,No Water,Yes Bathing,No Waste,No Other Service,,,95
118_03_433,Mega 4 new,,18.562965,-72.270535,TABARRE,3eme Bellevue,"Tabarre,Avenue Mais Gate 48",05 Jun 2013,Other,Spontaneous,Camp,976,3709,2262,1447,4) 500 to 999,LARGE,11) 500 to 999,NO,,Yes,DPC/IOM CMO,Katusky PROVINCE,37834837,,Yes,Yes Toilets,No Water,No Bathing,No Waste,No Other Service,,,0
118_04_004,Te Roche,,18.559274,-72.26377,TABARRE,4eme Bellevue,"caradeux,en face centre universitaire caradeux.-",28 Jun 2013,Private,Spontaneous,Camp,100,400,208,192,3) 100 to 499,,3) 100 to 149,YES,IOM,Yes,DPC/IOM CMO,Gesner MASCULIN,34580216,,Yes,Yes Toilets,No Water,No Bathing,No Waste,No Other Service,28165,70.4125,0
118_04_005,Cite de Dieu,,18.5605,-72.2451,TABARRE,4eme Bellevue,"Truitier,tabarre 41",30 May 2013,Private,Spontaneous,Settlement,105,329,171,158,3) 100 to 499,LARGE,3) 100 to 149,NO,,No,,,,,Yes,Yes Toilets,No Water,Yes Bathing,No Waste,Yes Other Service,,,0
118_04_306,Site Monquette,,18.5608,-72.24376,TABARRE,4eme Bellevue,"Tabarre 41, rtw Vorbe et Fe la",30 May 2013,Private,Spontaneous,Settlement,53,199,103,96,2) 20 to 99,MEDIUM,2) 50 to 99,NO,,No,,,,,Yes,Yes Toilets,No Water,Yes Bathing,No Waste,Yes Other Service,,,0
118_04_407,Camp Fraternite,Comite Tet Ansanm,18.561508,-72.243049,TABARRE,4eme Bellevue, Trutier,30 May 2013,Private,Spontaneous,Camp,203,726,378,348,3) 100 to 499,LARGE,5) 200 to 249,NO,,No,,,,,Yes,Yes Toilets,No Water,Yes Bathing,No Waste,No Other Service,,,0
121_01_029,CSC,,18.496758,-72.629656,LEOGANE,1ere Dessources,Dessources,28 May 2013,Other,Spontaneous,Camp,134,516,269,247,3) 100 to 499,LARGE,3) 100 to 149,NO,,No,,,,,Yes,Yes Toilets,Yes Water,No Bathing,No Waste,No Other Service,,,100
121_01_368,Flambo,Cite Manathan,18.51187,-72.62997,LEOGANE,1ere Dessources,"Rue de la liberte,angle rue Chatelain",28 May 2013,Private,Spontaneous,Settlement,2,5,2,3,1.1) 1 to 9,SMALL9,1) 1 to 49,NO,,No,,,,,No,No Toilets,No Water,No Bathing,No Waste,No Other Service,,,0
121_02_386,Greeds,,18.525803,-72.58328,LEOGANE,2eme Petite Riviere,melier anba ray,28 May 2013,Public,Spontaneous,Settlement,17,84,43,41,1.2) 10 to 19,SMALL,1) 1 to 49,YES,HELP-EV,No,,,,,Yes,No Toilets,No Water,No Bathing,No Waste,No Other Service,,,0
121_02_449,Belle Alliance,,18.521202,-72.598366,LEOGANE,2eme Petite Riviere,Guerin,28 May 2013,Private,Spontaneous,Settlement,13,33,18,15,1.2) 10 to 19,SMALL,1) 1 to 49,NO,,No,,,,,No,No Toilets,No Water,No Bathing,No Waste,No Other Service,,,100
121_03_007,Parc Mont Pelier,,18.501201,-72.59968,LEOGANE,3eme Grande Riviere,"Santo,Darbonne",28 May 2013,Public,Spontaneous,Camp,172,620,322,298,3) 100 to 499,LARGE,4) 150 to 199,NO,,No,,,,,Yes,Yes Toilets,Yes Water,Yes Bathing,No Waste,No Other Service,,,70
121_03_326,MOPAL,,18.530572,-72.568283,LEOGANE,3eme Grande Riviere,Flon(leogane),28 May 2013,Public,Spontaneous,Camp,119,511,265,246,3) 100 to 499,LARGE,3) 100 to 149,NO,,No,,,,,Yes,Yes Toilets,No Water,No Bathing,No Waste,No Other Service,,,9
121_03_327,Cospic,,18.531234,-72.562163,LEOGANE,2eme Petite Riviere,Flon,28 May 2013,Public,Spontaneous,Settlement,19,52,27,25,1.2) 10 to 19,SMALL,1) 1 to 49,YES,HELP-EV,No,,,,,Yes,No Toilets,No Water,No Bathing,No Waste,No Other Service,,,0
121_03_357,MODSOL,,18.501783,-72.604838,LEOGANE,3eme Grande Riviere,Santo,30 May 2013,Public,Spontaneous,Camp,458,1775,923,852,3) 100 to 499,LARGE,10) 450 to 499,NO,,No,,,,,Yes,Yes Toilets,Yes Water,No Bathing,No Waste,No Other Service,,,35
121_03_358,Camp Rico,,18.503642,-72.619255,LEOGANE,1er Dessources,Haut-dampus,28 May 2013,Private,Spontaneous,Urban scattered IDP Location,27,131,68,63,2) 20 to 99,MEDIUM,1) 1 to 49,YES,HELP-EV,No,,,,,Yes,Yes Toilets,Yes Water,No Bathing,No Waste,No Other Service,,,100
121_03_361,Tet Ansanm/Mapou Dampus,,18.504909,-72.620952,LEOGANE,3eme Grande Riviere,mapou dampus,28 May 2013,Private,Spontaneous,Settlement,14,52,27,25,1.2) 10 to 19,SMALL,1) 1 to 49,YES,HELP-EV,No,,,,,Yes,No Toilets,No Water,No Bathing,No Waste,No Other Service,,,12
121_03_367,Reserve,,18.52435,-72.56353,LEOGANE,3eme Grande Riviere,angle Lafleroney e nan rezeve,28 May 2013,Public,Spontaneous,Location,22,92,47,45,2) 20 to 99,MEDIUM,1) 1 to 49,YES,HELP-EV,No,,,,,Yes,Yes Toilets,No Water,No Bathing,No Waste,Yes Other Service,,,68
121_03_378,La voix des sans voix,,18.495799,-72.602999,LEOGANE,3eme Grande Riviere,Sarbousse,28 May 2013,Public,Spontaneous,Settlement,73,339,176,163,2) 20 to 99,MEDIUM,2) 50 to 99,NO,,No,,,,,Yes,Yes Toilets,No Water,No Bathing,No Waste,No Other Service,,,98
121_03_390,Anba Mango,,18.53068,-72.566283,LEOGANE,3eme Grande Riviere,Flon,29 May 2013,Public,Spontaneous,Camp,133,578,300,278,3) 100 to 499,LARGE,3) 100 to 149,NO,,No,,,,,Yes,No Toilets,No Water,No Bathing,No Waste,No Other Service,,,11
121_03_391,CCDL,Comite Chretienne d'aide pour le Developpement de Leogane,18.530506,-72.571561,LEOGANE,2eme Petite Riviere,Moulin Beker,29 May 2013,Public,Spontaneous,Settlement,96,459,238,221,2) 20 to 99,MEDIUM,2) 50 to 99,YES,HELP-EV,No,,,,,No,Yes Toilets,No Water,No Bathing,No Waste,No Other Service,,,86
122_01_301,Usine la Paix de Vialet,,18.41948,-72.93498,PETIT-GOAVE,1ere Bino,Wout usine la paix de vialet,29 May 2013,Public,Spontaneous,Settlement,9,20,10,10,1.1) 1 to 9,SMALL9,1) 1 to 49,YES,ASB,No,,,,,No,Yes Toilets,No Water,No Bathing,No Waste,No Other Service,,,0
122_11_318,Cite Gaspard,,18.430087,-72.854665,PETIT-GOAVE,11eme Ravine Seche,Avni Gaston,29 May 2013,Private,Spontaneous,Location,12,44,22,22,1.2) 10 to 19,SMALL,1) 1 to 49,YES,ASB,No,,,,,Yes,No Toilets,No Water,No Bathing,No Waste,No Other Service,,,0
122_11_330,Parc Roro,,18.43097,-72.85417,PETIT-GOAVE,11em Section,Bas Rue Benoit,29 May 2013,Private,Spontaneous,Location,5,11,5,6,1.1) 1 to 9,SMALL9,1) 1 to 49,YES,ASB,No,,,,,No,No Toilets,No Water,No Bathing,No Waste,No Other Service,1922,174.7272727,0
122_11_349,Site Tol,,18.423583,-72.877408,PETIT-GOAVE,11ieme section,Tiginen avni Simond's,29 May 2013,Private,Spontaneous,Location,15,31,16,15,1.2) 10 to 19,SMALL,1) 1 to 49,YES,ASB,No,,,,,Yes,No Toilets,No Water,No Bathing,No Waste,No Other Service,,,0
122_11_358,Site Nan Regal,,18.417513,-72.864881,PETIT-GOAVE,11eme Ravine Seche,Nan Regal,29 May 2013,Public,Spontaneous,Settlement,33,131,68,63,2) 20 to 99,MEDIUM,1) 1 to 49,YES,ASB,No,,,,,Yes,No Toilets,No Water,No Bathing,No Waste,No Other Service,,,29
122_11_384,La Belle Cite Diocanne,,18.414091,-72.855824,PETIT-GOAVE,11eme Ravine Seche,Curtis,30 May 2013,Public,Spontaneous,Location,89,331,172,159,2) 20 to 99,MEDIUM,2) 50 to 99,YES,ASB,No,,,,,Yes,No Toilets,No Water,No Bathing,No Waste,No Other Service,,,11
123_01_303,Centre Haut Jr Simon,,18.420793,-72.769322,GRAND-GOAVE,1ere Tete a Boeuf,Vilaj center sentra antre Avni jn simon,30 May 2013,Private,Spontaneous,Settlement,70,269,139,130,2) 20 to 99,MEDIUM,2) 50 to 99,YES,ASB,No,,,,,Yes,Yes Toilets,No Water,No Bathing,No Waste,No Other Service,,,0
123_01_304,Jacipen,Faustin 1er,18.422445,-72.772637,GRAND-GOAVE,1ere Tete a Boeuf,Rue St Francois impasse Amitie,28 May 2013,Private,Spontaneous,Location,4,9,4,5,1.1) 1 to 9,SMALL9,1) 1 to 49,YES,ASB,No,,,,,Yes,Yes Toilets,No Water,No Bathing,No Waste,No Other Service,,,0
123_01_336,Selil de Kriz 2,,18.426869,-72.765893,GRAND-GOAVE,1ere Tete a Boeuf,petit paradis,29 May 2013,Private,Spontaneous,Settlement,2,9,4,5,1.1) 1 to 9,SMALL9,1) 1 to 49,YES,ASB,No,,,,,No,No Toilets,No Water,No Bathing,No Waste,No Other Service,,,0
131_01_003,Vilay ti Bula,Vilaj Tibwa,18.626126,-72.269916,CROIX-DES-BOUQUETS,2eme Varreux,,03 Jun 2013,Private,Spontaneous,Camp,1,4,2,2,1.1) 1 to 9,SMALL9,1) 1 to 49,YES,IOM,No,,,,,Yes,Yes Toilets,No Water,No Bathing,No Waste,No Other Service,,,0
131_01_005,Parc Chabri Seram,Centre de Refuge des Demunis,18.626053,-72.272655,CROIX-DES-BOUQUETS,2eme Varreux,St Jean,28 Jun 2013,Private,Spontaneous,Settlement,1,4,2,2,1.1) 1 to 9,SMALL9,1) 1 to 49,YES,IOM,No,,,,,Yes,Yes Toilets,No Water,Yes Bathing,No Waste,Yes Other Service,2473,618.25,0
131_01_400,Jak Stefen Alexi,Men nan men poun sove viktim yo,18.617743,-72.27598,CROIX-DES-BOUQUETS,2eme Varreux,imp. Yvonne,28 Jun 2013,Private,Spontaneous,Settlement,2,8,4,4,1.1) 1 to 9,SMALL9,1) 1 to 49,YES,IOM,No,,,,,Yes,Yes Toilets,No Water,No Bathing,No Waste,No Other Service,3609,451.125,0
131_01_406,Fondansyon Zanmi Timoun,,18.61334,-72.3109,CROIX-DES-BOUQUETS,2eme Varreux,Fouji,05 Jun 2013,Private,Spontaneous,Camp,2,8,4,4,1.1) 1 to 9,SMALL9,1) 1 to 49,YES,IOM,No,,,,,Yes,Yes Toilets,No Water,Yes Bathing,No Waste,No Other Service,,,1
131_02_006,Parc Rony Colin,,18.637037,-72.258614,CROIX-DES-BOUQUETS,2eme Varreux,route onaville,08 Jun 2013,Private,Spontaneous,Camp,2,8,4,4,1.1) 1 to 9,SMALL9,1) 1 to 49,YES,IOM,No,,,,,Yes,Yes Toilets,No Water,Yes Bathing,No Waste,No Other Service,,,0
131_02_316,Santo 17,,18.59753,-72.256761,CROIX-DES-BOUQUETS,2eme Varreux,Santo 17 Natif Natal,03 Jun 2013,Public,Planned,Camp,409,1960,1019,941,3) 100 to 499,LARGE,9) 400 to 449,NO,,No,,,,,Yes,Yes Toilets,Yes Water,Yes Bathing,No Waste,Yes Other Service,,,97
131_02_424,Corail Sector 4,,18.65573,-72.251415,CROIX-DES-BOUQUETS,2eme Varreux,Corail,05 Jun 2013,Public,Planned,Camp,1187,5074,2638,2436,5) 1000 plus,LARGE,12) 1000 plus,NO,,No,,,,,Yes,Yes Toilets,No Water,No Bathing,No Waste,No Other Service,,,99
131_02_466,Duval 33,,18.58125,-72.233945,CROIX-DES-BOUQUETS,2eme Varreux,Duval 33,05 Jun 2013,Private,Spontaneous,Camp,6,24,12,12,1.1) 1 to 9,SMALL9,1) 1 to 49,YES,IOM,No,,,,,Yes,Yes Toilets,No Water,No Bathing,No Waste,No Other Service,,,0
131_02_470,CERAEJIH : Centre d'hebergemant Lilavois 38,,18.619831,-72.246099,CROIX-DES-BOUQUETS,2eme Varreux,Festival 33,04 May 2013,Private,Spontaneous,Location,6,21,10,11,1.1) 1 to 9,SMALL9,1) 1 to 49,NO,,No,,,,,No,Yes Toilets,No Water,No Bathing,No Waste,Yes Other Service,,,83
131_02_472,Union Centre d'Hebergement de Lilavois 42,,18.617201,-72.24641,CROIX-DES-BOUQUETS,1ere Varreux,Lilavois 42,04 Jun 2013,Private,Spontaneous,Settlement,20,86,45,41,2) 20 to 99,MEDIUM,1) 1 to 49,NO,,No,,,,,Yes,Yes Toilets,No Water,No Bathing,No Waste,Yes Other Service,,,100
131_02_480,Canaan,,18.657494,-72.73937,CROIX-DES-BOUQUETS,2eme Varreux,,05 Jun 2013,Public,Spontaneous,Camp,7203,36010,18725,17285,5) 1000 plus,LARGE,12) 1000 plus,NO,,No,,,,,Yes,Yes Toilets,No Water,No Bathing,No Waste,No Other Service,,,10
131_02_481,Jerusalem,,18.66015,-72.257446,CROIX-DES-BOUQUETS,2eme Varreux,,05 Jun 2013,Public,Spontaneous,Camp,2921,14605,7594,7011,5) 1000 plus,LARGE,12) 1000 plus,NO,,No,,,,,Yes,Yes Toilets,No Water,No Bathing,No Waste,No Other Service,,,0
131_02_482,Centre d’hebergement Lilavois 6,,18.622848,-72.268813,CROIX-DES-BOUQUETS,2eme Varreux,,28 Jun 2013,Private,Spontaneous,Location,1,4,2,2,1.1) 1 to 9,SMALL9,1) 1 to 49,YES,IOM,No,,,,,Yes,Yes Toilets,No Water,No Bathing,No Waste,No Other Service,3543,885.75,0
131_02_484,Onaville,,18.666264,-72.235786,CROIX-DES-BOUQUETS,2eme Varreux,Onaville,05 Jun 2013,Public,Spontaneous,Camp,1004,3430,1783,1647,5) 1000 plus,LARGE,12) 1000 plus,NO,,No,,,,,Yes,Yes Toilets,No Water,Yes Bathing,No Waste,No Other Service,,,0
131_03_004,Camp d'Herbergement Marassa 10,,18.58263,-72.24409,CROIX-DES-BOUQUETS,1ere Petit Bois,Marassa,05 Jun 2013,Private,Spontaneous,Camp,10,40,20,20,1.2) 10 to 19,SMALL,1) 1 to 49,YES,IOM,No,,,,,Yes,Yes Toilets,No Water,No Bathing,No Waste,No Other Service,,,0
131_03_005,Lycee Jean Jacques 1er,,18.57774,-72.232795,CROIX-DES-BOUQUETS,1ere Petit Bois,Duval 34,05 Jun 2013,Public,Spontaneous,Camp,142,568,294,274,3) 100 to 499,LARGE,3) 100 to 149,YES,IOM,No,,,,,Yes,Yes Toilets,No Water,Yes Bathing,No Waste,No Other Service,,,0
131_03_302,SANT EBEJEMAN DE NOAILLES,,18.566841,-72.226611,CROIX-DES-BOUQUETS,1ere Petit Bois,Noailles 12,05 Jun 2013,Private,Spontaneous,Camp,6,24,12,12,1.1) 1 to 9,SMALL9,1) 1 to 49,YES,IOM,No,,,,,Yes,Yes Toilets,No Water,No Bathing,No Waste,No Other Service,,,0
131_03_306,Kan Dieudonne Marassa 9,,18.580759,-72.245341,CROIX-DES-BOUQUETS,1ere Petit Bois,Marassa 9,28 Jun 2013,Public,Spontaneous,Camp,26,104,54,50,2) 20 to 99,MEDIUM,1) 1 to 49,YES,IOM,Yes,DPC/IOM CMO,Fitness Divers,36868612,,Yes,Yes Toilets,Yes Water,No Bathing,No Waste,No Other Service,20678,198.8269231,0
131_05_407,Club des Quatres,,18.582669,-72.225312,CROIX-DES-BOUQUETS,3eme Petit Bois,Savane Blonde,28 Jun 2013,Private,Spontaneous,Settlement,20,55,29,26,2) 20 to 99,MEDIUM,1) 1 to 49,YES,IOM,No,,,,,Yes,Yes Toilets,No Water,No Bathing,No Waste,No Other Service,3199,58.16363636,0
131_05_431,New Life Village,Village de Nouvelle Vie,18.587794,-72.173891,CROIX-DES-BOUQUETS,3eme Petit Bois,La Tremble,04 Jun 2013,Private,Spontaneous,Settlement,28,113,59,54,2) 20 to 99,MEDIUM,1) 1 to 49,NO,,No,,,,,Yes,Yes Toilets,Yes Water,Yes Bathing,Yes Waste,Yes Other Service,,,0
131_09_406,Corail Sector 3,Corail 3,18.6611,-72.17389,CROIX-DES-BOUQUETS,2eme Crochus,Corail,05 Jun 2013,Public,Planned,Camp,927,4010,2085,1925,4) 500 to 999,LARGE,11) 500 to 999,NO,,No,,,,,Yes,Yes Toilets,No Water,No Bathing,No Waste,No Other Service,,,100
133_03_003,Foyer du Bonheur,,18.524022,-71.991641,GANTHIER,3eme Fonds Parisien,,26 Jun 2013,Private,Spontaneous,Location,16,37,18,19,1.2) 10 to 19,SMALL,1) 1 to 49,NO,,No,,,,,No,Yes Toilets,No Water,No Bathing,No Waste,No Other Service,4480,121.0810811,0
211_06_002,Potay Le Wogan (St. Elen),,18.240829,-72.539197,JACMEL,6eme Montagne La Voute,Portay Leogan,26 Jun 2013,Private,Planned,Camp,60,200,104,96,2) 20 to 99,MEDIUM,2) 50 to 99,NO,,No,,,,,Yes,No Toilets,No Water,No Bathing,No Waste,No Other Service,4061,20.305,75
