,,"All information on this sheet is collated from open, online sources. See column P for link",,,,,,,,,,,,,,,,,,,,,,,,,,,,,
,,Row 6; column header - SBTF,,,Green lines are from BRC sheet,,,,,,,,,,,,,,,,,,,,,,,,,,
,,Row 7: column header - BRC sheet,,,,,,,,,,,,,,,,,,,,,,,,,,,,,
,,Row 8: column header - HXL,,,,,,,,,,,,,,,,,,,,,,,,,,,,,
,,,,,TBC = To be confirmed,,,,,,,,,,,,,,,,,,,,,,,,,,
Status,Center ID,Center,Volunteer,Verified Y/N,Type,Activity,Last Contact,Country,City,Lat,Long,District/Prefecture,Region/ County,Website,Updated,Source of info,Capacity,Equipment (R.A.G),P-code?,P-code?,Notes (If closed why?),,,Location in OSM,,,,,Water,Power,Communication
Status,ID,Centre Name,,,,"Type1, Type2",,Country,Location,Latitude,Longitude,,Region/ County,,Last updated,"Source (Capacity, Notes, Opening/ Closing)",Capacity,,,,Notes,Centre opening date,Centre closing date,OSM,Staff Numbers,Primary Org,Secondary Org,Third Org,,,
#status,#loc_id,#loc,,,#loctype,#activity,,#country,#x_placename,#lat_deg,#lon_deg,#adm2,#adm1,#site_lnk,#report_date,#data_lnk,,,#adm1_id,#adm2_id,#x_notes,,,,#x_staff,#org,#org,#org,,,
,,Mali,,,,,,,,,,,,,,,,,,,,,,,,,,,,,
Pending,MalCNA,CNAM Centre National d'Appui à la lutte contre la Maladie,,Y,,Triage,,Mali,Bamako,12.6500083,-8.0000014,,Bamako Capital District,,17/09/2014,http://reliefweb.int/sites/reliefweb.int/files/resources/Ebola%20Sitrep%20Hebdomadaire%20OMS%20Mali.pdf; http://www.ilep.org.uk/ilep-co-ordination/leprosy-around-the-world/africa/mali/key-contacts-links/,TBC,,,,Preparation. Establishment of isolation wards,N/A,N/A,http://www.openstreetmap.org/search?query=12.6500083%2C%20-8.0000014#map=19/12.65001/-8.00000,,,,,,,
,,Centre Hospitalier Universitaire du Point G,Stuart,Y,Hospital,"Anaesthetics, Cardiology, Pneumology, Neurology, Nephrology",,Mali,Bamako,12.669107,-8.010456,,Koulouba,,,http://photos.state.gov/libraries/mali/96825/Consular/Updated-Doctors-%20List_January2012%20.pdf; http://www.allianzworldwidecare.com/hospital-doctor-and-health-practitioner-finder?TRANS=Hospitals%2C+Doctors+and+Health+Practitioners+in+Bamako%2C+Mali&PROVTYPE=HOSPITALS&CON=Africa&COUNTRY=Mali&CITY=Bamako,,,,,Geolocated to neighbourhood,,,,,,,,,,
,,Odjenne Clinic/Cabinet Odjenne,Stuart,Y,,Internal Medicine; Gastro,,Mali,Bamako,,,,,,,http://www.bamako.diplo.de/contentblob/1371526/Daten/568882/aerzteliste_mali_downl..,,,,,,,,,,,,,,,
,,Clinique Pr. Aly Guindo,Stuart,Y,Clinic (Private),"Gastroenterology; Cardiology, Family medicine; Gynecology",,Mali,Bamako,12.622422,-7.986171,Quartier Badalabougou,,,,https://goo.gl/maps/Xf7FA; http://photos.state.gov/libraries/mali/96825/Consular/Updated-Doctors-%20List_January2012%20.pdf; http://www.bamako.diplo.de/contentblob/1371526/Daten/568882/aerzteliste_mali_downl..,,,,,Geolocated to street level,,,,,,,,,,
,,Groupe Medicale,Stuart,,,Dermatology; Radiology/Ultrasound,,Mali,Bamako,12.656278,-7.971548,,,,,http://www.allianzworldwidecare.com/hospital-doctor-and-health-practitioner-finder?http://photos.state.gov/libraries/mali/96825/Consular/Updated-Doctors-%20List_January2012%20.pdf,,,,,Geolocated to street level,,,,,,,,,,
,,Cabinet Dentaire Niambele,Stuart,,Dentist,,,Mali,Bamako,,,,,,,http://www.allianzworldwidecare.com/hospital-doctor-and-health-practitioner-finder?TRANS=Hospitals+in+Bamako%2C+Mali&PROVTYPE=PRACTITIONERS&CON=Africa&COUNTRY=Mali&CITY=Bamako,,,,,,,,,,,,,,,
,,Kati Hospital,stuart,Y,Hospital,Orthopaedic Surgery,,Mali,Bamako,,,,,,,http://photos.state.gov/libraries/mali/96825/Consular/Updated-Doctors-%20List_January2012%20.pdf,,,,,,,,,,,,,,,
,,Koutiala Women's and Children's Hospital,Ben Hodgkins,,Hospital,"Maternity, Neonatal",,Mali,Koutiala,,,,Sikasso Region,,,,,,,,,,,,,Christian and Missionary Alliance,,World Medical Mission,,,
,,Clinique Farako,Ben Hodgkins,,Hospital,Gynaecology,,Mali,Bamako,11.37059,-6.57455,,Capital District,,,http://www.allianzworldwidecare.com/hospital-doctor-and-health-practitioner-finder?TRANS=Hospitals%2C+Doctors+and+Health+Practitioners+in+Bamako%2C+Mali&PROVTYPE=HOSPITALS&CON=Africa&COUNTRY=Mali&CITY=Bamako,,,,,,,,http://www.openstreetmap.org/search?query=11.37059%2C%20-6.57455#map=12/11.3706/-6.5745,,,,,,,
,,Clinique Filany,Ben Hodgkins,,Hospital,,,Mali,Bamako,,,,District III,,,http://www.allianzworldwidecare.com/hospital-doctor-and-health-practitioner-finder?TRANS=Hospitals%2C+Doctors+and+Health+Practitioners+in+Bamako%2C+Mali&PROVTYPE=HOSPITALS&CON=Africa&COUNTRY=Mali&CITY=Bamako,,,,,,,,,,,,,,,
,,Gabriel Touré Hospital,Ben Hodgkins,Y,Hospital (University),Cardiology; ENT; Internal MED; AIDS; Gastroenterology; {ediatrics; Surgeru,,Mali,Bamako,12.6513,-7.99586,,District III,http://www.sante.gov.ml/chugabrieltoure/,,http://photos.state.gov/libraries/mali/96825/Consular/Updated-Doctors-%20List_January2012%20.pdf,418,,,,,,,http://www.openstreetmap.org/way/205776541#map=19/12.65130/-7.99586,,,,,,,
,,Hospital Somine Dolo Mopti,Ben Hodgkins,,Hospital,,,Mali,Mopti,14.50462,-4.19614,,Mopti Cercle,,,,,,,,,,,https://www.openstreetmap.org/search?query=14.50462%2C-4.19614,,,,,,,
,,Hopital du Mali,ShannonC,,Hospital,,,Mali,Bamako,12.63035,-7.9092,,,,,"http://photos.state.gov/libraries/mali/96825/Consular/Updated-Doctors-%20List_January2012%20.pdf; http://ml.geoview.info/hopital_du_mali,2163840425n",,,,,,,,,,,,,,,
,,Clinic (Polycliqiue) Pasteur,ShannonC,,Clinic (Private),,,Mali,Bakamo,12.632837,-8.020246,,,Tél : (223) 20 29 10 10; Fax : (223) 20 29 14 38; Dr. Toure mobile: 6696-3888; Dr. Konare mobile: 6673-1020,,http://photos.state.gov/libraries/mali/96825/Consular/Updated-Doctors-%20List_January2012%20.pdf,,,,,More info on website in French,,,,,,,,,,
,,Clinic Didinitata,ShannonC,,Clinic (Private),Enocrinology,,Mali,Bakamo,12.613543,-8.003583,Torokorobougou,,,,https://goo.gl/maps/5aNwM; http://photos.state.gov/libraries/mali/96825/Consular/Updated-Doctors-%20List_January2012%20.pdf; http://mali.usembassy.gov/media/pdfs/local_physician_liste_june_2010.pdf,,,,,Geolocated to district only,,,,,,,,,,
,,CDM Cely Sacentre de Diagnostic Medical,ShannonC,,,Radiology,,Mali,Bakamo,,,,,,,http://photos.state.gov/libraries/mali/96825/Consular/Updated-Doctors-%20List_January2012%20.pdf; http://www.bamako.diplo.de/contentblob/1371526/Daten/568882/aerzteliste_mali_downl..,,,,,,,,,,,,,,,
,,Nigeria,,,,,,,,,,,,,,,,,,,,,,,,,,,,,
Closed,NigFir,First Consultant Hospital,,,Hospital,Hospital,,Nigeria,Obalende,6.4485325,3.4108534,,Lagos,,29/08/2014,https://www.internationalsos.com/ebola/index.cfm?content_id=418&language_id=ENG http://www.reuters.com/article/2014/07/28/us-health-ebola-nigeria-idUSKBN0FX15420140728,0,,,,Hospital where first patient with Ebola in Nigeria was treated,20.08.2014,28.07.2014,http://www.openstreetmap.org/node/501505439#map=18/6.44726/3.41127,,MOH,,,,,
Functional,NigMai,Mainland Hospital MDR Ward,,,Hospital,"ETC, Triage",,Nigeria,Yaba,6.497892,3.382923,,Lagos,,17/09/2014,https://www.internationalsos.com/ebola/index.cfm?content_id=418&language_id=ENG https://www.premiumtimesng.com/news/166795-ebola-lagos-to-reopen-first-consultant-hospital-soon.html#sthash.tIrW69Ng.dpbs; WHO Dta,40,,,,"Hospital, ETU and Isolation Unit.Treatment centre: 40; Isolation ward: 8; Suspected cases tents: 48. Lagos State Government said that it has set up a 40-bed complex with male and female wards for management of confirmed cases of Ebola Virus Disease as well as an eight-bed isolation ward to hold suspected cases backed up by two emergency tent to hold 24 more suspected cases of the disease following the guidance from the Nigeria Centre for Disease Control (CDC) and other supporting partners.",04.08.2014,-,http://www.openstreetmap.org/node/501513526#map=15/6.5216/3.3811,"9 Doctors, 14 Nurses and 16 IPC staff",MOH,WHO,,,,
Functional,NigOdu,"Port Harcourt (PHC Emuoha, Obiakpor LGA)",,,,Triage,,Nigeria,"Oduoha, Emohua Local Government Area",4.8178445,6.9119515,,Rivers,,17/09/2014,https://www.internationalsos.com/ebola/index.cfm?content_id=418&language_id=ENG; WHO Data,26,,,,"An isolation unit has been established at Oduoha, Emohua. The centre currently has 26 beds ""with plans for possible expansion"" announced on 3 September",29.08.2014,-,http://www.openstreetmap.org/node/501512993#map=12/4.7927/6.8871,,MOH,WHO,,,,
Pending,NigMin,Minna Quarantine Centre,,,Quarantine Centre,Triage,,Nigeria,Minna,9.6187093,6.5475752,,Niger,,17/09/2014,https://www.internationalsos.com/ebola/index.cfm?content_id=418&language_id=ENG,TBC,,,,A quarantine centre is being established,N/A,N/A,http://www.openstreetmap.org/node/625740529#map=12/9.6279/6.5571,,MOH,,,,,
Pending,NigWar,Warri Central Hospitals,Tiago,,Hospital,Triage,,Nigeria,Warri,5.517,5.75,,Delta,,17/09/2014,https://www.internationalsos.com/ebola/index.cfm?content_id=418&language_id=ENG,TBC,,,,Identified to be isolation centres for Ebola cases,N/A,N/A,http://www.openstreetmap.org/search?query=5.517%2C%205.75#map=13/5.5171/5.7500,,MOH,,,,,
Pending,NigUgh,Ughelli Central Hospital,Jeff Koehn,,Hospital,Triage,,Nigeria,Ughelli,5.4941876,5.9953209,,Delta,,17/09/2014,https://www.internationalsos.com/ebola/index.cfm?content_id=418&language_id=ENG,TBC,,,,Identified to be isolation centres for Ebola cases,N/A,N/A,http://www.openstreetmap.org/search?query=5.4941876%2C%205.9953209#map=19/5.49419/5.99532,,MOH,,,,,
Pending,NigSap,Sapele Central Hospital,Jeff Koehn,,Hospital,Triage,,Nigeria,Sapele,5.894053,5.67666,,Delta,,17/09/2014,https://www.internationalsos.com/ebola/index.cfm?content_id=418&language_id=ENG,TBC,,,,Identified to be isolation centres for Ebola cases,N/A,N/A,http://www.openstreetmap.org/search?query=5.894053%2C%205.67666#map=19/5.89405/5.67666,,MOH,,,,,
Pending,NigAgb,Agbor Central Hsopital,Jeff Koehn,,Hospital,Triage,,Nigeria,Agbor,6.264399,6.147732,,Delta,,17/09/2014,https://www.internationalsos.com/ebola/index.cfm?content_id=418&language_id=ENG,TBC,,,,Identified to be isolation centres for Ebola cases,N/A,N/A,http://www.openstreetmap.org/search?query=6.264399%2C%206.147732#map=8/6.266/6.147,,MOH,,,,,
Pending,NigOlh,Oleh Central Hospital,Jeff Koehn,,Hospital,Triage,,Nigeria,Ole,5.483333,6.183333,,Delta,,17/09/2014,https://www.internationalsos.com/ebola/index.cfm?content_id=418&language_id=ENG,TBC,,,,Identified to be isolation centres for Ebola cases,N/A,N/A,http://www.openstreetmap.org/search?query=5.483333%2C%206.183333#map=19/5.48333/6.18333,,MOH,,,,,
Pending,NigEku,Eku Baptist Government Hospital,Jeff Koehn,,Hospital,Triage,,Nigeria,Eku,5.7439387,5.9904916,,Delta,,17/09/2014,https://www.internationalsos.com/ebola/index.cfm?content_id=418&language_id=ENG,TBC,,,,Identified to be isolation centres for Ebola cases,N/A,N/A,http://www.openstreetmap.org/search?query=5.7439387%2C%205.9904916#map=7/5.747/5.988,,MOH,,,,,
Pending,NigDel,Delta State University Teaching Hospital Oghara,Jeff Koehn,,Hospital,Triage,,Nigeria,Ogara,5.483333,6.1,,Delta,,17/09/2014,https://www.internationalsos.com/ebola/index.cfm?content_id=418&language_id=ENG,TBC,,,,Identified to be isolation centres for Ebola cases,N/A,N/A,http://www.openstreetmap.org/search?query=5.483333%2C%206.1#map=19/5.48333/6.10000,,MOH,,,,,
,,Kelina Hospital,Ben Hodgkins,,Hospital,"Surgical, General Medicine",,Nigeria,Abuja,9.107517,7.401803,Wuse,"Gwarinpa, Central",http://www.kelinahospital.com/,,,,,,,,,,http://www.openstreetmap.org/search?query=9.107517%2C%207.401803#map=14/9.1075/7.4018,,,,,,,
,,Zartech Industrail Clinic,Stuart,,Clinic,,,Nigeria,Ibadan,,,, ,http://www.allianzworldwidecare.com/hospital-doctor-and-health-practitioner-finder?TRANS=Hospitals%2C+Doctors+and+Health+Practitioners+in+Ibadan%2C+Nigeria&PROVTYPE=HOSPITALS&CON=Africa&COUNTRY=Nigeria&CITY=Ibadan,,,,,,,,,,,,,,,,,
Open,NigLily,Lily Hospitals,Tiago,,Hospital,General Medical Care + Laparoscopy,,Nigeria,Warri,5.525608,5.76472,,Delta,http://www.lilyhospitals.com,10/10/2014,http://lilyhospitals.com/,TBC,,,,,,,http://www.openstreetmap.org/#map=18/5.51700/5.74906,,,,,,,
Open,NigWes,Westend Hospital,Tiago,,Hospital,General Medical Care,,Nigeria,Warri,5.545996,5.760897,,Delta,http://www.thewestendhospital.com/home,,http://www.thewestendhospital.com/home,TBC,,,,,,,,,,,,,,
,NigACH,Assumption Catholic Hospital,Tiago,,Hospital,,,Nigeria,Warri,5.5311795,5.7487002,,Delta,,,http://warridiocese.org/index.php?option=com_content&view=article&id=19%3Amary-mother-of-our-redeemer&catid=29%3Athe-cms&Itemid=57,TBC,,,,,,,http://www.openstreetmap.org/search?query=5.5311795%2C%205.7487002#map=14/5.5283/5.7654,,,,,,,
,NigSap,Central Hospital – Sapele,Tiago,,Hospital,Public Hospital,,Nigeria,Sapele,5.900458,5.681228,,Delta,,25/06/2013,"http://www.medpages.co.za/sf/index.php?page=organisation&orgcode=311645&keywords=&keywords=Hospitals%20-%20Public,Sapele",TBC,,,,,,,http://www.openstreetmap.org/search?query=5.900458%095.681228#map=14/5.9005/5.6812,,,,,,,
,NigFedA,Federal Medical Centre – Asaba,Tiago,,Hospital,Public Hospital,,Nigeria,Asaba,6.212827,6.712398,,Delta,,,http://www.aophc.com/find-doctors-clinics--hospitals-in-nigeria-cross-river-delta-ebonyi-edo--ekiti-states.html,TBC,,,,,,,http://www.openstreetmap.org/search?query=6.212827%096.712398#map=14/6.2128/6.7124,,,,,,,
,,Atlantic Medical Centre,Stuart,,,,,Nigeria,Lagos,,,,,,,http://www.allianzworldwidecare.com/hospital-doctor-and-health-practitioner-finder?TRANS=Hospitals%2C+Doctors+and+Health+Practitioners+in+Lagos%2C+Nigeria&PROVTYPE=HOSPITALS&CON=Africa&COUNTRY=Nigeria&CITY=Lagos,,,,,,,,,,,,,,,
,,Diagnostic & Therapeutic Endoscopy Centre (D&TEC),Stuart,,,,,Nigeria,Lagos,"  6°27'9.12""N","  3°25'39.65""E",,,,,,,,,,,,,,,,,,,,
,,Golden Cross Hospital,Stuart,,Hospital,,,Nigeria,Ikoyi,"  6°26'50.89""N","  3°24'52.94""E",,,,,http://www.allianzworldwidecare.com/hospital-doctor-and-health-practitioner-finder?TRANS=Hospitals%2C+Doctors+and+Health+Practitioners+in+Ikoyi%2C+Nigeria&PROVTYPE=HOSPITALS&CON=Africa&COUNTRY=Nigeria&CITY=Ikoyi,,,,,,,,,,,,,,,
,,Lagoon Clinic,Stuart,,private hospital,,,Nigeria,Lagos,,,,,,,,,,,,,,,,,,,,,,
,,Lagoon Clinic Apapa,Stuart,,private hospital,,,Nigeria,Lagos,,,,http://www.hygeiagroup.com/lagoon/home.aspx,,,,,,,,,,,,,,,,,,
,,Lagoon Hostipal Ikeya,Stuart,,private hospital,,,,,,,,,,,,,,,,,,,,,,,,,,
,NigABU,Ahmadu Bello University Teaching Hospital (ABUTH),Tiago,,Public Hospital,Medical Research,,Nigeria,Zaria,11.1738996,7.6051087,,Kaduna,,,http://www.aophc.com/find-doctors-clinics--hospitals-in-nigeria-enugu-gombe-imo-jigawa-kaduna--kano-states.html,TBC,,,,,,,http://www.openstreetmap.org/node/776296517#map=19/11.17390/7.60511,,,,,,,
,NigAbi,Abi Hospital,Tiago,,Public Hospital,,,Nigeria,Kaduna,10.50678,7.426399,,Kaduna,,,http://www.listbesthospitals.com/Hospitals-Nigeria/Kaduna/Kaduna-North.aspx?PageNo=5,TBC,,,,,,,http://www.openstreetmap.org/search?query=10.50678%097.426399#map=18/10.50678/7.42640,,,,,,,
,NigStG,Saint Gerard's Catholic Hospital,Tiago,,Public Hospital,,,Nigeria,Kakuri,10.466765,7.420947,,Kaduna,www.stgerardhospital.org,,http://www.stgerardhospital.org/contact.htm,TBC,,,,,,,http://www.openstreetmap.org/node/560945782,,,,,,,
,NigUPC,University of Port Harcourt Teaching Hospital,Tiago,,Public Hospital,Medical Research,,Nigeria,Port Harcourt,4.897936,6.928238,,Rivers,http://upthng.org/index1.htm,,http://upthng.org/index1.htm,TBC,,,,,,,http://www.openstreetmap.org/search?query=4.897936%2C%206.928238#map=11/4.8984/6.9283,,,,,,,
,NigBra,Braithwaite Memorial Specialist Hospital,Tiago,,Public Hospital,,,Nigeria,Port Harcourt,4.780173,7.013797,,Rivers,http://www.bmsh.org.ng/,,http://www.bmsh.org.ng/contact_us.php,TBC,,,,,,,http://www.openstreetmap.org/search?query=4.780173%2C%207.013797#map=11/4.7800/7.0141,,,,,,,
,NigKel,Kelsey Harrison Hospital,Tiago,,State-owned Hospital,Specialist,,Nigeria,Port Harcourt,,,,Rivers,,,,,,,,,,,,,,,,,,
,NigMer,Meridian Hospital,Tiago,,Private Hospital ,,,Nigeria,Port Harcourt,4.800565,6.998622,,Rivers,www.meridianhospitalsng.com,,http://meridianhospitals.com/ContactUs.aspx,TBC,,,,,,,http://www.openstreetmap.org/search?query=4.800565%2C%206.998622#map=14/4.8006/6.9986,,,,,,,
,,,,,,,,,,,,,,,,,,,,,,,,,,,,,,,
,,Senegal,,,,,,,,,,,,,,,,,,,,,,,,,,,,,
,,Air Ambulance FlightAmbulance Intl.,ShannonC,,Air Ambulance,,,Senegal,Dakar,,,,Dakar,http://www.fai.ag/ambulance/contact.html,,http://photos.state.gov/libraries/senegal/323264/pdf/medical_resources_in_senegal_001.pdf,,,,,,,,,,,,,,,
,,Ambulance/Emergency Services SAMU,ShannonC,,Ambulance,,,Senegal,Dakar,,,,Dakar,,,http://photos.state.gov/libraries/senegal/323264/pdf/medical_resources_in_senegal_001.pdf,,,,,,,,,,,,,,,
Functional,SenCen,Central Hospital of University of Fann (Dakar (Clinique des Maladies Infectieuses/CHU Fann),,Y,Hospital,Hospital,,Senegal,Dakar,14.69287,-17.46639,,,,17/09/2014,https://www.internationalsos.com/ebola/index.cfm?content_id=434&language_id=ENG http://www.who.int/csr/don/2014_08_30_ebola/en/; WHO Data,9,,,,First case of Ebola in Senegal. Student presented himself to hospital. Placed in isolation in the infectious disease ward of Fann Hospital.Open ( beds within existing hospital) – is also the only triage point in Senegal at the moment.,26.08.2014,-,http://www.openstreetmap.org/way/44213911#map=17/14.69287/-17.46638,,MOH,MSF,,,,
Pending,SenCen2,Central Hospital of University of Fann (Dakar (Clinique des Maladies Infectieuses/CHU Fann),,Y,Hospital,ETC,,Senegal,Dakar,14.69287,-17.46639,,,,17/09/2014,WHO Data,TBC,,,,Preparation. Will be a tent set up as a separate structure near the Clinique des Maladies Infectieuses/CHU Fann to become the ETU and handle any cases from the Clinque.,N/A,N/A,http://www.openstreetmap.org/way/44213911#map=17/14.69287/-17.46639,,MOH,,,,,
,,Centre Hospitalier Universitaire de Fann,Romy,Y,Hospital (Public),,,Senegal,Dakar,14.6930042,-17.447026,,Dakar,http://www.chnu-fann.sn,01/01/2013,http://www.sante.gouv.sn/index.php?option=com_content&view=article&id=1296&Itemid=768,,,,,,,,,,,,,,,
,,Clinique du Cap,ShannonC,,Private Clinic/Hospital,Opthalmology; Surgical Emergencies,,Senegal,Dakar,14.653084,-17.43395,,Dakar,http://www.cliniqueducap.com/,,http://photos.state.gov/libraries/senegal/323264/pdf/medical_resources_in_senegal_001.pdf,,,,,,,,,,,,,,,
,,Clinique Casahous,"Jessica Almaas, ShannonC",Y,Private Clinic/Hospital,"General Medicine, Intensive Care",,Senegal,Dakar,14.669943,-17.435347,,Dakar,http://www.cliniquecasahous.com/CLINIQUE_CASAHOUS/Bienvenue.html,,http://www.international-health-cover.com/resources/senegal/senegal-hospital-list.html,,,,,Geolocated to street level only,,,,,,,,,,
,,Clinique Dentaire Taha,ShannonC,,Dental Surgery and Orthodontics,,,Senegal,Dakar,,,,Dakar,,,http://photos.state.gov/libraries/senegal/323264/pdf/medical_resources_in_senegal_001.pdf,,,,,,,,,,,,,,,
,,Clinique des Mamelles,ShannonC,,Ear-Nose-Throat,,,Senegal,,,,,,,,http://photos.state.gov/libraries/senegal/323264/pdf/medical_resources_in_senegal_001.pdf,,,,,,,,,,,,,,,
,,Clinique Pasteur,Jessica Almaas,Y,Clinic,General Medicine,,Senegal,Dakar,14.667773,-17.435063,,Dakar,http://www.cliniquepasteurdakar.com/?t=Contacts,,http://www.international-health-cover.com/resources/senegal/senegal-hospital-list.html,,,,,website no longer running; Geolocated to street level only,,,,,,,,,,
,,Clinique de la Madelaine,"Jessica Almaas, ShannonC",Y,Private Clinic/Hospital,"General Medicine, Obstetrics/Gynecology",,Senegal,Dakar,14.659739,-17.43856,,Dakar,http://www.cliniquedelamadeleine.com/,,http://www.international-health-cover.com/resources/senegal/senegal-hospital-list.html,,,,,Location: http://www.cliniquedelamadeleine.com/index.php/infos-pratiques/acces-horaires,,,,,,,,,,
,,Centre Hospitalier Universitaire Aristide Le Dantec,Romy,Y,Hospital (Public),"Cancer, childhood cancer",,Senegal,Dakar,14.6675661,-17.4328936,,Dakar,,,http://www.sante.gouv.sn/index.php?option=com_content&view=article&id=1296&Itemid=768,,,,,,,,,,,,,,,
,,Complex Medical de la Corniche Ouest/West,ShannonC,,Medical Center,Cardiology; Ear-Nose-throat; Osteopathy,,Senegal,Dakar,14.696608,-17.472363,,Dakar,,,http://photos.state.gov/libraries/senegal/323264/pdf/medical_resources_in_senegal_001.pdf; https://goo.gl/maps/TKPCw,,,,,,,,,,,,,,,
,,Dr. Alain Vautier and Dr. Joelle Vautier-Lecocq,ShannonC,,Dental Surgery and Prosthetics,,,Senegal,Dakar,,,,Dakar,,,http://photos.state.gov/libraries/senegal/323264/pdf/medical_resources_in_senegal_001.pdf,,,,,,,,,,,,,,,
,,Dr. Anta Marie Anne Diop,ShannonC,,Dentist,Dentistry,,Senegal,Dakar,14.667145,-17.434326,,Dakar,,,http://photos.state.gov/libraries/senegal/323264/pdf/medical_resources_in_senegal_001.pdf; https://goo.gl/maps/o2dCU,,,,,Address not exact - used intersection,,,,,,,,,,
,,Dr. Amadou Gallo Diop,ShannonC,,Neurology,,,Senegal,,,,,,,,http://photos.state.gov/libraries/senegal/323264/pdf/medical_resources_in_senegal_001.pdf,,,,,,,,,,,,,,,
,,Dr. Awa Ly Skaho,ShannonC,,Pediatry,,,Senegal,Dakar,,,,Dakar,,,http://photos.state.gov/libraries/senegal/323264/pdf/medical_resources_in_senegal_001.pdf; https://goo.gl/maps/4IH3B,,,,,,,,https://goo.gl/maps/4IH3B,,,,,,,
,,Dr. Evelyne Attal Furiosi,ShannonC,,Dental Surgery,,,Senegal,Dakar,14.672748,-17.437419,,Dakar,,,http://photos.state.gov/libraries/senegal/323264/pdf/medical_resources_in_senegal_001.pdf; https://goo.gl/maps/r20Hv,,,,,Geolocated to street level,,,,,,,,,,
,,Dr. Gilles Pineau,ShannonC,,Radiology,Mammogram,,Senegal,Dakar,,,,Dakar,,,http://photos.state.gov/libraries/senegal/323264/pdf/medical_resources_in_senegal_001.pdf,,,,,,,,,,,,,,,
,,Dr. Hassan Hoballah,ShannonC,,Opthalmology,,,Senegal,Dakar,,,,Dakar,,,http://photos.state.gov/libraries/senegal/323264/pdf/medical_resources_in_senegal_001.pdf,,,,,,,,,,,,,,,
,,Dr. Jouheina Baalbaki,ShannonC,,Kinesitherapy,,,Senegal,Dakar,14.666228,-17.43767,,Dakar,,,http://photos.state.gov/libraries/senegal/323264/pdf/medical_resources_in_senegal_001.pdf; https://goo.gl/maps/PQ0yB,,,,,,,,,,,,,,,
,,Dr. Khalil Abou-Khalil (Dentistry),ShannonC,,Dentist,Dentistry,,Senegal,Dakar,14.669623,-17.431922,,Dakar,,,http://photos.state.gov/libraries/senegal/323264/pdf/medical_resources_in_senegal_001.pdf; https://goo.gl/maps/Txggz,,,,,,,,,,,,,,,
,,Dr. Lamia Azar-Richa,ShannonC,,Dentist,,,Senegal,Dakar,,,Ouakam,Dakar,,,http://photos.state.gov/libraries/senegal/323264/pdf/medical_resources_in_senegal_001.pdf; http://guide-dakar.com/chirurgie-dentaire/dr-lamia-richa-azar.html,,,,,,,,,,,,,,,
,,Dr. Leopold Gaston Boissy,ShannonC,,Psychiatry,,,Senegal,Dakar,,,HLM Mariste,Dakar,,,http://photos.state.gov/libraries/senegal/323264/pdf/medical_resources_in_senegal_001.pdf; https://goo.gl/maps/WFKzG,,,,,,,,,,,,,,,
,,Dr. Madji Kaouk,ShannonC,,Doctor,,,Senegal,Dakar,14.667348,-17.435812,,Dakar,,,http://photos.state.gov/libraries/senegal/323264/pdf/medical_resources_in_senegal_001.pdf; https://goo.gl/maps/pP7Ph,,,,,Geolocated to street level,,,,,,,,,,
,,Dr. Manuel Pina,ShannonC,,Obstetrics/Genecology,,,Senegal,Dakar,14.666509,-17.434826,,Dakar,,,http://photos.state.gov/libraries/senegal/323264/pdf/medical_resources_in_senegal_001.pdf,,,,,Geolocated to street level,,,,,,,,,,
,,Dr. Radwan Mroueh,ShannonC,,Dental Surgery and Orthodontics,,,Senegal,Dakar,14.666468,-17.43499,,Dakar,,,http://photos.state.gov/libraries/senegal/323264/pdf/medical_resources_in_senegal_001.pdf; https://goo.gl/maps/vKKZz,,,,,Only geolocated to street level,,,,,,,,,,
,,Dr. Souleymayne Chehadi,ShannonC,,Dermatology,,,Senegal,Dakar,14.665868,-17.434645,,Dakar,,,http://photos.state.gov/libraries/senegal/323264/pdf/medical_resources_in_senegal_001.pdf;https://goo.gl/maps/uRXMr,,,,,Geolocated to street level only,,,,,,,,,,
,,Dr. Waldemar Daluz,ShannonC,,Dermatology,,,Senegal,Dakar,14.665571,-17.435725,,Dakar,,,http://photos.state.gov/libraries/senegal/323264/pdf/medical_resources_in_senegal_001.pdf; https://goo.gl/maps/2BT2x,,,,,Geolocated to street level only,,,,,,,,,,
,, Hôpital d'enfants Albert Royer,Romy,Y,Hospital (Children's),,,Senegal,Dakar,,,,Dakar,,,http://www.sante.gouv.sn/index.php?option=com_content&view=article&id=1296&Itemid=768,,,,,"- 02 incubators, - 01 vacuum cleaner, - 02 phototherapy devices, - monitors 02, - 02 shoots syringes, - 02 light sources, - 01 resuscitation table, - 03 hospital beds",,,,,,,,,,
,,Hôpital Psychiatrique de Thiaroye,Romy,Y,  ,Psychiatry,,Senegal,Dakar,14.741464,-17.346067,,Dakar,,,http://www.sante.gouv.sn/index.php?option=com_content&view=article&id=1296&Itemid=768,,,,,,,,,,,,,,,
,,Hôpital Psychiatrique de Grand Yoff,Romy,Y,Hospital,Psychiatry,,Senegal,Dakar,14.6930042,-17.447026,,Dakar,,,http://www.sante.gouv.sn/index.php?option=com_content&view=article&id=1296&Itemid=768,,,,,,,,,,,,,,,
,,Hopital Principal,Romy,Y,Hospital (Public),Major Trauma,,Senegal,Dakar,14.6930042,-17.447026,,Dakar,http://www.hopitalprincipal.sn/service%20nouveau.htm,2013,http://www.sante.gouv.sn/index.php?option=com_content&view=article&id=1296&Itemid=768,,,,,Location unclear...Google maps puts Avenue Nelson Mandela elsewhere. Different street from Route de la Corniche Est.,,,,,,,,,,
,,Centre Hospitalier Universitaire Abass Ndao,Romy,Y,Hospital,,,Senegal,Dakar,14.6930042,-17.447026,,Dakar,,,http://www.sante.gouv.sn/index.php?option=com_content&view=article&id=1296&Itemid=768,,,,,Ophthalmic device,,,,,,,,,,
,,Hospital Elisabeth Diouf de Rufisque,Romy,Y,Hospital,,,Senegal,Rufisque,14.7164169,-17.2738444,,Dakar,,,http://www.sante.gouv.sn/index.php?option=com_content&view=article&id=1296&Itemid=768,,,,,,,,,,,,,,,
,,Dispensaire Nabil Choucair,Romy,Y,Clinic,,,Senegal,Dakar,14.6930042,-17.447026,,Dakar,,,http://www.sante.gouv.sn/index.php?option=com_content&view=article&id=1296&Itemid=768,,,,,,,,,,,,,,,
,,Dispensaire avenue Bourguiba,Romy,Y,Clinic,,,Senegal,Dakar,14.6930042,-17.2738444,,Dakar,,,http://www.sante.gouv.sn/index.php?option=com_content&view=article&id=1296&Itemid=768,,,,,,,,,,,,,,,
,,Dispensaire avenue Georges Pompidou,Romy,Y,Clinic,,,Senegal,,,,,,,,,,,,,,,,,,,,,,,
,,CHR de Saint-Louis Lt Colonel Mamadou Diouf,Jessica Almaas,,,,,Senegal,St. Louis,,,,,www.hopital-saintlouis.sn,,http://www.international-health-cover.com/resources/senegal/senegal-hospital-list.html,,,,,,,,,,,,,,,
,,Hôpital Régional Lübke de Diourbel,Jessica Almaas,,Hospital,,,Senegal,Diourbel,,,,Diourbel,,,http://www.sante.gouv.sn/index.php?option=com_content&view=article&id=1296&Itemid=768,,,,,,,,,,,,,,,
,,Hôpital Régional de Fatick,Jessica Almaas,,Hospital,,,Senegal,,,,,Fatick,,,http://www.sante.gouv.sn/index.php?option=com_content&view=article&id=1296&Itemid=768,,,,,,,,,,,,,,,
,,Hôpital Régional de Kaolack,Jessica Almaas,,Hospital,,,Senegal,,,,,Kaolack,,,http://www.sante.gouv.sn/index.php?option=com_content&view=article&id=1296&Itemid=768,,,,,,,,,,,,,,,
,,Hôpital régionale de Kolda,Jessica Almaas,,Hospital,,,Senegal,,,,,Kolda,,,http://www.sante.gouv.sn/index.php?option=com_content&view=article&id=1296&Itemid=768,,,,,,,,,,,,,,,
,,Hôpital Régional de Louga,Jessica Almaas,,Hospital,,,Senegal,,,,,Louga,,,http://www.sante.gouv.sn/index.php?option=com_content&view=article&id=1296&Itemid=768,,,,,,,,,,,,,,,
,,Hôpital Régional de Matam,Jessica Almaas,Y,Hospital,,,Senegal,,,,,Matam,,,http://www.sante.gouv.sn/index.php?option=com_content&view=article&id=1296&Itemid=768,,,,,Geolocated to street level,,,,,,,,,,
,,Hôpital Régional de Saint-Louis,Jessica Almaas,,Hospital,,,Senegal,St. Louis,16.022317,-16.506458,,Saint-Louis,,,http://www.sante.gouv.sn/index.php?option=com_content&view=article&id=1296&Itemid=768,,,,,,,,,,,,,,,
,,Hôpital Régional de Ndioum,Jessica Almaas,,Hospital,,,Senegal,,,,,Saint-Louis,,,http://www.sante.gouv.sn/index.php?option=com_content&view=article&id=1296&Itemid=768,,,,,,,,,,,,,,,
,,Hôpital Régional Tambacounda,Jessica Almaas,,Hospital,,,Senegal,,,,,Tambacounda,,,http://www.sante.gouv.sn/index.php?option=com_content&view=article&id=1296&Itemid=768,,,,,,,,,,,,,,,
,,Hôpital Régional de Ziguinchor,Jessica Almaas,,Hospital,,,Senegal,,,,,Ziguinchor,,,http://www.sante.gouv.sn/index.php?option=com_content&view=article&id=1296&Itemid=768,,,,,,,,,,,,,,,
,,I Mod Sen,FPMCNY,,Medical Cabinet & Doctors,,,Senegal,Dakar,,,,,,,http://www.imodsen.com/,,,,,Appears to be a radiologist equipt with scanners and X-ray machines.,,,,,,,,,,
,,Dispensaire Cambérène ,ShannonC,Y,Pharmacy,,,Senegal,Dakar,,,,,,,http://senegalie.wifeo.com/documents/SRUCTURE--MEDICALE-AU-SENEGAL.pdf,,,,,,,,,,,,,,,
,,Dispensaire CCAS,ShannonC,Y,Pharmacy,,,Senegal,Dakar,,,,,,,http://senegalie.wifeo.com/documents/SRUCTURE--MEDICALE-AU-SENEGAL.pdf,,,,,,,,,,,,,,,
,,Dispensaire de Gorée ,ShannonC,Y,Pharmacy,,,Senegal,Dakar,14.667103,-17.397698,,,,,http://senegalie.wifeo.com/documents/SRUCTURE--MEDICALE-AU-SENEGAL.pdf,,,,,Found Ile de Goree,,,,,,,,,,
,,Dispensaire Itinérant d’Ophtalmologie,ShannonC,Y,Pharmacy,,,Senegal,Dakar,,,,,,,http://senegalie.wifeo.com/documents/SRUCTURE--MEDICALE-AU-SENEGAL.pdf,,,,,,,,,,,,,,,
,,Dispensaire de Khombole,Jessica Almaas,,"Clinic, Pharmacy",,,Senegal,,,,,Thies,,,http://www.sante.gouv.sn/index.php?option=com_content&view=article&id=1296&Itemid=768,,,,,,,,,,,,,,,
,,Dispensaire de Mékhé,Jessica Almaas,,"Clinic, Pharmacy",,,Senegal,,,,,Thies,,,http://www.sante.gouv.sn/index.php?option=com_content&view=article&id=1296&Itemid=768,,,,,,,,,,,,,,,
,,Dispensaire Médical Mboro,Jessica Almaas,,"Clinic, Pharmacy",,,Senegal,,,,,Thies,,,http://www.sante.gouv.sn/index.php?option=com_content&view=article&id=1296&Itemid=768,,,,,,,,,,,,,,,
,,Dispensaire Ngor,ShannonC,Y,Pharmacy,,,Senegal,Dakar,14.748769,-17.514406,,,,,http://senegalie.wifeo.com/documents/SRUCTURE--MEDICALE-AU-SENEGAL.pdf,,,,,,,,,,,,,,,
,,Dispensaire Norade ,ShannonC,Y,Pharmacy,,,Senegal,Dakar,14.755648,-17.446407,,,,,http://senegalie.wifeo.com/documents/SRUCTURE--MEDICALE-AU-SENEGAL.pdf,,,,,,,,,,,,,,,
,,MATHLABOUL CHIFAHI,FPMCNY,,Medical Cabinet & Doctor,,,senegal,Dakar,,,,,,,http://www.yellowpagesofafrica.com/companies/senegal/medical-cabinets-doctors/,,,,,No website was located for location,,,,,,,,,,
,,Institut Pasteur,ShannonC,,Laboratory,,,Senegal,Dakar,,,,,,,http://photos.state.gov/libraries/senegal/323264/pdf/medical_resources_in_senegal_001.pdf,,,,,,,,,,,,,,,
,,Keur Baax,ShannonC,,Nurse/Home Care Agency,,,Senegal,Dakar,,,SICAP Liberte 6,,,,http://photos.state.gov/libraries/senegal/323264/pdf/medical_resources_in_senegal_001.pdf,,,,,,,,,,,,,,,
,,SOUVASIN DIOUF,FPMCNY,,Medical Cabinet & Doctor,,,Senegal,Dakar,,,,,,,http://www.yellowpagesofafrica.com/companies/senegal/medical-cabinets-doctors/,,,http://sendocteur.com/detail.php?id_medecin=29,,No website was located for this location,,,,,,,,,,
,,SOS Medecin,ShannonC,,Mobile Doctor,,,Senegal,Dakar,,,,,,,http://photos.state.gov/libraries/senegal/323264/pdf/medical_resources_in_senegal_001.pdf,,,www.sosmedecindakar.org,,,,,,,,,,,,
,,SUMA,ShannonC,,Mobile Doctor,,,Senegal,,,,,,,,http://photos.state.gov/libraries/senegal/323264/pdf/medical_resources_in_senegal_001.pdf,,,,,,,,,,,,,,,
,,,,,,,,,,,,,,,,,,,,,,,,,,,,,,,
,,Togo,,,,,,,,,,,,,,,,,,,,,,,,,,,,,
Functional,TogUni,University Hospital of Lomé,Ben Hodgkins,,,Triage,03/09/2014,Togo,Lomé,6.12586,1.22485,,Maratime,,,,,,,,,,,"Preparation. The WHO has classified Togo as a ‘border country’ of epidemic - affected countries because of the air traffic with Asky Airlines, whose hub is based in Lomé. As a result an isolation centre has been set up. In addition, many people travel by bus to / through Togo from Nigeria, but also Guinea, Liberia and Sierra Leone. Five other sites are identified in the other 5 regions. But not yet equipped. The health staff were trained.",http://reliefweb.int/sites/reliefweb.int/files/resources/UNICEF_Togo_Ebola_sitrep_29_Aug_2014.pdf,,,18.08.2014,-,http://www.openstreetmap.org/node/2195276463#map=19/6.12586/1.22485,
,,CHU Tokoin (Central Hospitalier Universitaire),Ben Hodgkins,,Hospital,,,Togo,Lome,6.14607,1.20844,,Tokoin,,,,,,,,,,,https://www.openstreetmap.org/search?query=6.14607%2C1.20844#map=19/6.14607/1.20844,,,,,,,
,,Clinique Barruet,Ben Hodgkins,,Hospital,,,Togo,Lome,,,,,,,,,,,,,,,,,,,,,,
,,Clinique des Cocotiers,Ben Hodgkins,,Hospital,,,,,,,,,,,,,,,,,,,,,,,,,,
,,Hospital Saint Jean de Dieu,Ben Hodgkins,,Hospital,,,,,,,,,,,,,,,,,,,,,,,,,,
,,Hospital of Hope,Ben Hodgkins,,Hospital,,,Togo,Mango,10.37054,0.47598,,,http://hospitalofhopemango.org/,,,,,,,,,,,,,,,,,
