Country,Status,Verified,Date,Centre ID,Center,Type,Activity,Org,Capacity (N),Equipment (R.A.G),Staff (N),Doctors,Nurses,Isolation Facility,PPE,Burial Site,Water,Power,Comm.,Date open,Date closed,Province,Adm1 ID,District,Adm2 ID,Place,Adm3,Lat,Long,Address,Clinic Website,Location in OSM,Notes,Source of info
#country,#status,#x_verified,#report_date,#loc_id,#loc,#loctype,#activity,#org,#x_capacity,#x_equip,#x_staff,#x_doctors,#x_nurses,#x_isolation,#x_ppe,#x_burial,#x_water,#x_power,#x_comm,#x_date_open,#x_date_closed,#adm1,#adm1_id,#adm2,#adm2_id,#x_placename,#adm3,#lat_deg,#lon_deg,#address,#site_lnk,#x_loc_osm,#x_notes,#data_lnk
Sierra Leone,Functional,,17/09/2014,SieBo,Bo,,ETC,MSF,35,,,,,,,,,,,10.09.2014,-,Southern,,Bo,,Bo,,7.9620299,-11.7364775,,,http://www.openstreetmap.org/search?query=7.9620299%09-11.7364775#map=9/7.9613/-11.7361,MSF is constructing a 35-bed isolation centre. Will start with a few beds and slowly scale up to 35 (will gradually expand up to 70 beds),https://www.internationalsos.com/ebola/index.cfm?content_id=397&language_id=ENG; WHO Data
Sierra Leone,Functional,,17/09/2014,SieBue,Buedu,,Triage,MSF,0,,,,,,,,,,,24.06.2014,-,Eastern,,Kailahun,,Kailahun,,8.2808305,-10.372805,,,http://www.openstreetmap.org/search?query=8.2808305%09-10.372805#map=9/8.2822/-10.3738,Referral site.If patients are determined to have Ebola they are then transferred to the isolation facility.,https://www.internationalsos.com/ebola/index.cfm?content_id=397&language_id=ENG http://www.doctorswithoutborders.org/news-stories/field-news/battling-ebola-outbreak-west-africa
Sierra Leone,Functional; Ebola Holding Centre,,26/08/2014,SieCon,Connaught Hospital,Hospital,"Triage, lab, cardiology, radiology, surgery, urology","King's Health Partners UK, MOH",20,,,,,,,,,,,03.04.2014,-,Western,,Western Urban,,Freetown,,8.488616,-13.238596,"Peninsular Road, Goderich ",,http://www.openstreetmap.org/way/32975779,"With assistance from a medical team from King's Health Partners, UK; Identified as an Ebola Holding Centre here: http://reliefweb.int/sites/reliefweb.int/files/resources/Ebola-Situation-Report_Vol-139.pdf","https://www.internationalsos.com/ebola/index.cfm?content_id=397&language_id=ENG , http://photos.state.gov/libraries/sierraleone/452467/Consular%20Section%202012/Jan2012-MedicalServiceProviders.pdf"
Sierra Leone,Functional,notes..,17/09/2014,SieDar,Daru,,Trage,MSF,0,,,,,,,,,,,24.06.2014,-,Eastern,,Kenema,,Daru,,7.4941267,-11.1693745,,,http://www.openstreetmap.org/search?query=7.4941267%09-11.1693745#map=9/7.4932/-11.1703,"This is village - there's also larger town /river cfrossing at 7.988953, -10.844718",WHO Data
Sierra Leone,Open,Y,17/09/2014,SieDfi,,,Holding Centre,"EMERGENCY, MOH",20,,,,,,,,,,,14.09.2014,-,Western,,Western Rural,,Lakka,,8.3973667,-13.2635501,,,http://www.openstreetmap.org/node/2201774621#map=19/8.39737/-13.26355,"Holding Centre. Construction should be completed approx 05 Sept and will be operational on 14 Sept; EMERGENCY will provide staff, clinical management, & logistic support, & the MOH will provide nurses; Training carried out for staff on 5-6 Sept.","WHO Foreign Medical Teams International Response, http://www.emergency.it/sierraleone/ebola-sierra-leone.html?543fe5fb092b3 "
Sierra Leone,Functional,Y,17/09/2014,SieGon,Gondama Referral Center,,Triage,MSF,10,,,,,,,,,,,15.08.2014,-,Southern,,Bo,,Bo,,7.9620299,-11.7364775,,,http://www.openstreetmap.org/search?query=7.9620299%09-11.7364775#map=9/7.9613/-11.7361,Transit Centre,https://www.internationalsos.com/ebola/index.cfm?content_id=397&language_id=ENG http://www.doctorswithoutborders.org/news-stories/field-news/response-west-africa-ebola-epidemic-remains-dangerously-inadequate; WHO Data
Sierra Leone,Open,Y,17/09/2014,SieKai,Kailahun ETC,,"ETC, Triage",MSF,84,,,,,,,,,,,24.06.2014,-,Eastern,,Kailahun,,Kailahun,,8.27685,-10.56647,,,http://www.openstreetmap.org/way/273455491#map=19/8.27685/-10.56647,"MSF treatment centre, concidering expanding to 100 beds",https://www.internationalsos.com/ebola/index.cfm?content_id=397&language_id=ENG
Sierra Leone,Functional,Y,17/09/2014,SieKen1,Kenema Government Hospital (KGH),Hospital,"ETC, Triage","MOH, WHO",100,,,,,,,,,,,01.04.2014,-,Eastern,,Kenema,,Kenema,,7.87517,-11.18473,,,http://www.openstreetmap.org/node/2959065474,Expected to increase to 100 beds. To be re-located outside the township of Kenema,https://www.internationalsos.com/ebola/index.cfm?content_id=397&language_id=ENG; WHO Foreign Medical Teams International Response; WHO Data
Sierra Leone,Open,Y,17/09/2014,SieKen2,Rural Kenema Field Hospital ETC,,ETC,IFRC,60,,19 international workers and 80 national employees,,,,,,,,,15.09.2014,-,Eastern,,Kenema,,Kenema,,7.9390302,-11.1422825,,,http://www.openstreetmap.org/node/2948714586#map=13/7.8949/-11.1158,"Tented Structure. 2-5 beds to start, scale up to 60 later (will increase gradually by 10 patients per week) The IFRC is establishing the new facility (on 22 August, was expected to be functional ""soon""). Plan to open 10 Sept. The isolation facility in Kenema Government Hospital, is to be re-located outside the township of Kenema, a few miles from Hanga. All new cases will be treated at the centre in Kailahun until the new centre is ready.",https://www.internationalsos.com/ebola/index.cfm?content_id=397&language_id=ENG; WHO Foreign Medical Teams International Response
Sierra Leone,Pending,Y,17/09/2014,SieKer,Kerry Town ETC,,ETC,"UKDFID, Save the Children",112,,,,,,,,,,,Projected opening date between 18 Oct – 01 Nov.,N/A,Western,,Western Rural,,Kerry Town,,8.2693344,-13.0878517,,,http://www.openstreetmap.org/node/401475917,"100 beds for patients, plus 12 separate beds designated for staff. UK: Assistance in 3 ways: (1) UK Dept of Defense to provide 12 beds dedicated for staff-related cases. (2) UKDFID to finance Save the Children for 50 beds (3) Currently in discussion re: possibly financing IMC for other 50 beds. British military personnel will begin to survey and assess the site during week 37. Based near the capital Freetown. The UK government is working with Save the Children to design a long term plan to manage and operate the facility after it has been fully set up.",WHO Foreign Medical Teams International Response; http://reliefweb.int/report/sierra-leone/uk-treatment-centre-tackle-ebola-sierra-leone
Sierra Leone,Functional,Y,17/09/2014,SieKoi,Koindu,,Triage,MSF,0,,,,,,,,,,,24.06.2014,-,Eastern,,Kailahun,,Kailahun,,8.4616449,-10.3363192,,,http://www.openstreetmap.org/search?query=8.4616449%09-10.3363192#map=9/8.4615/-10.3354,Referral site.If patients are determined to have Ebola they are then transferred to the isolation facility.,https://www.internationalsos.com/ebola/index.cfm?content_id=397&language_id=ENG http://www.natureworldnews.com/articles/7545/20140612/ebola-surges-sierra-leone-state-emergency-declared.htm
Sierra Leone,Open,,17/09/2014,SieStJ,Port Loko Holding Centre,,Holding Centre,,MSF has  a 35-bed isolation centre. Will start with a few beds and slowly scale up to 35 (will gradually expand up to 65 beds),,,,,,,,,,,12.09.2014,-,Northern,,Port Loko,,Port Loko,,8.7651729,-12.7849451,,,http://www.openstreetmap.org/search?query=8.7651729%2C%20-12.7849451#map=16/8.7652/-12.7850,"A holding centre has been established and as at 12 September is expected to be ""operational anytime""",https://www.internationalsos.com/ebola/index.cfm?content_id=397&language_id=ENG
Sierra Leone,,Y,23/09/2014,SL-STF001,34 Military Hospital,Hospital,,,12,,,,,,,,,,,,,Western,,Western Urban,,Freetown,,8.4650388,-13.260343,Wilberforce Barracks,,,"Location unclear: OSM (Regent Road 8.4650388, -13.260343: http://www.openstreetmap.org/node/370496289#map=18/8.46551/-13.26032&layers=HN)",http://photos.state.gov/libraries/sierraleone/452467/Consular%20Section%202012/Jan2012-MedicalServiceProviders.pdf
Sierra Leone,,Y,,SL-STF002,Abanita Hospital,Hospital,,,,,,,,,,,,,,,,Western,,Western Urban,,Freetown,,8.490552,-13.231623,23 Ecowas Street ,,,Geolocated to street level only.,http://photos.state.gov/libraries/sierraleone/452467/Consular%20Section%202012/Jan2012-MedicalServiceProviders.pdf
Sierra Leone,,,,SL-STF003,Abanita Radiology,Private Clinic?,Radiology,,,,,,,,,,,,,,,Western,,Western Urban,,Freetown,,8.49281,-13.231607,23 Ecowas Street,,,,http://photos.state.gov/libraries/sierraleone/452467/Consular%20Section%202012/Jan2012-MedicalServiceProviders.pdf
Sierra Leone,,,,SL-STF004,Ansar Clinical,Clinic,,,,Kissy,,,,,,,,,,,,Western,,Western Urban,,Freetown,,8.4543,-13.16676,134 Bai Bureh Road,,,,http://infosierraleone.jimdo.com/healthcare/hospitals/
Sierra Leone,,notes,,SL-STF005,Ash Iye Health Care,,GP TBC,,,,,,,,,,,,,,,Western,,Western Urban,,Kenema,,7.869459,-11.193094,12 Jenneh Street,,,Geolocated to town level only,http://infosierraleone.jimdo.com/healthcare/hospitals/
Sierra Leone,,,,SL-STF006,B. K. Meditation Centre,Meditation Centre,,,,,,,,,,,,,,,,Western,,Western Urban,,Freetown,,8.48445,-13.238338,1 Waterloo Street,,,,http://infosierraleone.jimdo.com/healthcare/hospitals/
Sierra Leone,,Y,,SL-STF008,Blue Shield Medical Services Hospital,Hospital,,,,,,,,,,,,,,,,Western,,Western Urban,,Freetown,,8.485004,-13.249064,27 Ascension Town Road,,,Geolocated to street level only.,"http://photos.state.gov/libraries/sierraleone/452467/Consular%20Section%202012/Jan2012-MedicalServiceProviders.pdf ,   http://infosierraleone.jimdo.com/healthcare/hospitals/"
Sierra Leone,,Y,,SL-STF009,Brima Ginorlei,Laboratory,,,,,,,,,,,,,,,,Western,,Western Urban,,Freetown,,8.491767,-13.23356,"European Joint Health Facility 7 pipeline, (off wilberforce Road)",,,Geolocated to street level only. Road vs Street unclear,http://photos.state.gov/libraries/sierraleone/452467/Consular%20Section%202012/Jan2012-MedicalServiceProviders.pdf
Sierra Leone,,notes..,,SL-STF010,Brookfields Community Hospital and Health Care,Hospital,,,,,,,,,,,,,,,,Western,,Western Urban,,Freetown,,8.472324,-13.247767,11 King Harman Road,,,"Street good, position in street probably wrong",http://infosierraleone.jimdo.com/healthcare/hospitals/
Sierra Leone,,,,SL-STF011,AberdeenWomen’sCentre (Care of Pregnant Women and New Born Babies),Maternity Home,Obstetrics,Gloag Foundation,,Wellington,,,,,,,,,,,,Western,,Western Urban,,Freetown,,8.49339,-13.287205,"PO BOX 416 Cape Road, Aberdeen Roundabout",,,,"http://infosierraleone.jimdo.com/healthcare/hospitals/, https://www.facebook.com/pages/Aberdeen-Womens-Centre-FreetownSierra-Leone/169336766488731?sk=info"
,,,,SL-STF012,CDC Keneema Lab,Laboratory,,,,,,,,,,,,,,,,,,,,,,,,,,,,"http://yellowpages.cybo.com/SL/bomi,_sierra_leone/hospitals/"
Sierra Leone,,,,SL-STF014,Choithram Memorial Hospital,Hospital,"Internal med, radiology, obstetrics & gyneaecology",,,,,,,,,,,,,,,Western,,Western Urban,,Freetown,,8.4565345,-13.254568,"Choithram Hospital, Hill Station",,,General area of 'hill station' only,"http://infosierraleone.jimdo.com/healthcare/hospitals/ ,  http://photos.state.gov/libraries/sierraleone/452467/Consular%20Section%202012/Jan2012-MedicalServiceProviders.pdf"
Sierra Leone,Ebola Holding Centre,Y,,SL-STF020,Connaught Hospital,Blood Bank,,,20,,,,,,,,,,,,,Western,,Western Urban,,Freetown,,8.48823,-13.2384,"Connaught Hosptial, Wallace Johnson St, Tower Hill",,,Identified as an Ebola Holding Centre here: http://reliefweb.int/sites/reliefweb.int/files/resources/Ebola-Situation-Report_Vol-139.pdf,http://photos.state.gov/libraries/sierraleone/452467/Consular%20Section%202012/Jan2012-MedicalServiceProviders.pdf
Sierra Leone,,,,SL-STF032,CUPID Health Centre,Health Centre,,,,Kingtom,,,,,,,,,,,,Western,,Western Urban,,Freetown,,8.485739,-13.244431,20 Hennessy Street,,,Geolocated to street level only,http://infosierraleone.jimdo.com/healthcare/hospitals/
Sierra Leone,,Y,,SL-STF033,Davidson Nicol Medical Centre,Medical Center,,,,,,,,,,,,,,,,Western,,Western Urban,,Freetown,,8.482874,-13.255437,"3, Bright Lane, Cole Farm, Off Wilkinson Rd",,,"Found by name on FourSquare, but google maps says the name of the road is Beoku Lane. Bright Street also found","http://photos.state.gov/libraries/sierraleone/452467/Consular%20Section%202012/Jan2012-MedicalServiceProviders.pdf, https://foursquare.com/v/davidson-nicol-medical-center/50e6bbe8e4b09ece46fd98f4"
Sierra Leone,,Y,,SL-STF034,Dr Brima Kargbo,,HIV Consultant,,,,,,,,,,,,,,,Western,,Western Urban,,Freetown,,8.472329,-13.247971,"HIV Secetariat, 15A King Harman Road",,,Corrected street name from Kingham to King Harman.  Geolocated to street level only.,"http://photos.state.gov/libraries/sierraleone/452467/Consular%20Section%202012/Jan2012-MedicalServiceProviders.pdf, http://www.nas.gov.sl/contact"
Sierra Leone,,Y,,SL-STF035,Dr D. J. O. Robbin-Coker,,Pediatrics,,,,,,,,,,,,,,,Western,,Western Urban,,Freetown,,8.479045,-13.253257,12 Main Motor Road,,,Geolocated to street level only,"https://www.google.it/maps/place/Motor+Main+Rd,+Freetown,+Sierra+Leone/@8.4772421,-13.2484106,876m/data=!3m1!1e3!4m2!3m1!1s0xf04c39cf025a739:0xc0438ea7e8c53413?hl=en"
Sierra Leone,,Y,,SL-STF036,Dr Owizz Koroma (Pathologist),Hospital,Laboratory,,,,,,,,,,,,,,,Western,,Western Urban,,Freetown,,8.488544,-13.238613,Connaught Hospital,,,,http://photos.state.gov/libraries/sierraleone/452467/Consular%20Section%202012/Jan2012-MedicalServiceProviders.pdf
Sierra Leone,,Y,,SL-STF037,Dr. Alie Wurie,,Disease Control & Sanitation MOH,,,,,,,,,,,,,,,Western,,Western Urban,,Freetown,,8.4760957,-13.2481903,"Ministry of Health and Sanitation
4th Floor Youyi Building",,,,"http://photos.state.gov/libraries/sierraleone/452467/Consular%20Section%202012/Jan2012-MedicalServiceProviders.pdf, https://www.google.it/maps/place/Youyi+Bldg,+Freetown,+Sierra+Leone/@8.4760957,-13.2481903,17z/data=!3m1!4b1!4m2!3m1!1s0xf04c39e1c94c223:0xaed3d3c0314cd1ea"
Sierra Leone,,Y,,SL-STF038,Dr. Christian T. Bell,,Obstetrics & Gyneaecology,,,,,,,,,,,,,,,Western,,Western Urban,,Freetown,,8.472329,-13.247971,11A King Harman Road,,,Geolocated to street level only ,http://photos.state.gov/libraries/sierraleone/452467/Consular%20Section%202012/Jan2012-MedicalServiceProviders.pdf
Sierra Leone,,Y,,SL-STF039,Dr. D. Harding,,Anesthetist,,,,,,,,,,,,,,,Western,,Western Urban,,Freetown,,8.4906655,-13.2326989,"ATC, 3 Wilberforce Valley",,,Geolocated to 2 Wilberforce street.  Did not find Wilberforce Valley.,http://photos.state.gov/libraries/sierraleone/452467/Consular%20Section%202012/Jan2012-MedicalServiceProviders.pdf
Sierra Leone,,Y,,SL-STF040,Dr. D.A. Wright,,Otolaryntology,,,,,,,,,,,,,,,Western,,Western Urban,,Freetown,,8.485164,-13.237398,34 Bathurst St,,,Geolocated to street level only,http://photos.state.gov/libraries/sierraleone/452467/Consular%20Section%202012/Jan2012-MedicalServiceProviders.pdf
Sierra Leone,,Y,,SL-STF041,Dr. Dennis Williams,,Opthalmology,,,,,,,,,,,,,,,Western,,Western Urban,,Freetown,,8.48334,-13.235058,"Director Sight Savers International, 8 Wesley Street",,,Deceased (2011); Geolocated to street level only,http://photos.state.gov/libraries/sierraleone/452467/Consular%20Section%202012/Jan2012-MedicalServiceProviders.pdf
Sierra Leone,,Y,,SL-STF042,Dr. Edward Nahim,,Psychiatrist,,,,,,,,,,,,,,,Western,,Western Urban,,Freetown,,8.490142,-13.231546,34 Ecowas Street,,,"Also associated with Kissy Psychiatric Hospital  8.465295, -13.193846","http://photos.state.gov/libraries/sierraleone/452467/Consular%20Section%202012/Jan2012-MedicalServiceProviders.pdf, https://www.unodc.org/docs/treatment/CoPro/Web_Sierra_Leone.pdf"
Sierra Leone,,Y,,SL-STF043,Dr. Effie Gooding (UK trained),,Obstetrics & Gyneaecology,,,,,,,,,,,,,,,Western,,Western Urban,,Freetown,,8.485027,-13.238049,60 Wellington St,,,Geolocated to street level only.  Also referred to at Lea Consulting Clinic.,http://photos.state.gov/libraries/sierraleone/452467/Consular%20Section%202012/Jan2012-MedicalServiceProviders.pdf
Sierra Leone,,Y,,SL-STF044,Dr. Farrell Whitfield,,Obstetrics & Gyneaecology,,,,,,,,,,,,,,,Western,,Western Urban,,Freetown,,8.485027,-13.238049,60 Wellington St; PCM Hospital (wed & sat),,,Geolocated to street level only,http://photos.state.gov/libraries/sierraleone/452467/Consular%20Section%202012/Jan2012-MedicalServiceProviders.pdf
Sierra Leone,,,,SL-STF045,Dr. Foday Dafae,,TB/Leprosy,,,,,,,,,,,,,,,Western,,Western Urban,,Freetown,,8.470554,-13.241857,"TB & Leprosy Program Coordinator, Ministry of Health and Sanitation, Central
Medical Stores Compound, Jomo Kenyatta Road, New Englandville",,,Geolocated to street level only,"http://photos.state.gov/libraries/sierraleone/452467/Consular%20Section%202012/Jan2012-MedicalServiceProviders.pdf, https://www.team-psa.com/anise/2012/participant.asp"
Sierra Leone,,Y,,SL-STF046,Dr. G. B. Frazer,,Obstetrics & Gyneaecology,,,,,,,,,,,,,,,Western,,Western Urban,,Freetown,,8.485027,-13.238049,60 Wellington St,,,Geolocated to street level only,http://photos.state.gov/libraries/sierraleone/452467/Consular%20Section%202012/Jan2012-MedicalServiceProviders.pdf
Sierra Leone,,Y,,SL-STF047,"Dr. Gborie, Mr Turay (Rabies Vaccine)",,Laboratory,,,,,,,,,,,,,,,Western,,Western Urban,,Freetown,,8.470878,-13.240973,Epidemiology EPI Office New England,,,Dr Gborie may have been imprisoned for corruption.  Epidemiology unit gelocated to the village level only.,"http://photos.state.gov/libraries/sierraleone/452467/Consular%20Section%202012/Jan2012-MedicalServiceProviders.pdf, http://www.africareview.com/News/Sierra-Leone-convicts-doctors-for-Bill-Gates-cash-theft/-/979180/2376388/-/m6dibez/-/index.html"
Sierra Leone,,Y,,SL-STF048,Dr. George Morgan,,Dentist,,,,,,,,,,,,,,,Western,,Western Urban,,Freetown,,8.480904,-13.229957,114 Circular Road,,,Geolocated to street level only,http://photos.state.gov/libraries/sierraleone/452467/Consular%20Section%202012/Jan2012-MedicalServiceProviders.pdf
Sierra Leone,,Y,,SL-STF049,Dr. I.B. Peters,,Obstetrics & Gyneaecology,,,,,,,,,,,,,,,Western,,Western Urban,,Freetown,,8.4898,-13.232863,"10 Rawdon Street, Marie Stopes, Choithram",,,"3 different locations:  x/y listed for Rawdon Street.  Marie Stopes hospital at: 8.486634, -13.267483 (Ahmed Drive).  The other location is an area.",http://photos.state.gov/libraries/sierraleone/452467/Consular%20Section%202012/Jan2012-MedicalServiceProviders.pdf
Sierra Leone,,Y,,SL-STF050,Dr. Isata Wurie,,Laboratory,,,,,,,,,,,,,,,Western,,Western Urban,,Freetown,,8.48506,-13.236513,"RAMSY Lab, 14 Liverpool Street",,,Geolocated to street level only ,http://photos.state.gov/libraries/sierraleone/452467/Consular%20Section%202012/Jan2012-MedicalServiceProviders.pdf
Sierra Leone,,Y,,SL-STF051,Dr. Isatou Hyde-Forster,,Pediatrics,,,,,,,,,,,,,,,Western,,Western Urban,,Freetown,,8.488058,-13.23735,4A Lightfoot Boston Street,,,Geolocated to street level only,http://photos.state.gov/libraries/sierraleone/452467/Consular%20Section%202012/Jan2012-MedicalServiceProviders.pdf
Sierra Leone,,Y,,SL-STF052,Dr. Jimmy Pratt,GP,General Practice,,,,,,,,,,,,,,,Western,,Western Urban,,Freetown,,8.48506,-13.236513,13 Liverpool Street,,,Geolocated to street level only ,http://photos.state.gov/libraries/sierraleone/452467/Consular%20Section%202012/Jan2012-MedicalServiceProviders.pdf
Sierra Leone,,Y,,SL-STF053,Dr. Jon Buchan (from UK),,Opthalmology,,,,,,,,,,,,,,,Western,,Western Urban,,Freetown,,8.473232,-13.194313,"Kissy UMC Eye Hospital, 41 Kissy Bypass Road",,,Geolocated to street level only,http://photos.state.gov/libraries/sierraleone/452467/Consular%20Section%202012/Jan2012-MedicalServiceProviders.pdf
Sierra Leone,,Y,,SL-STF054,Dr. K. Jalloh,Veterinarian,Veterinary,,,,,,,,,,,,,,,Western,,Western Urban,,Freetown,,8.480796,-13.255363,"Sierra Leone Animal Welfare Society, 26A Main Motor Road, Congo Cross",,,Geolocated to street level only,http://photos.state.gov/libraries/sierraleone/452467/Consular%20Section%202012/Jan2012-MedicalServiceProviders.pdf
Sierra Leone,,Y,,SL-STF055,Dr. Kanu,Veterinarian,Veterinary,,,,,,,,,,,,,,,Western,,Western Urban,,Freetown,,8.479124,-13.236771,"Head of Animal Science Department, Njala University, 17 Henry Street ",,,Geolocated to street level only,http://photos.state.gov/libraries/sierraleone/452467/Consular%20Section%202012/Jan2012-MedicalServiceProviders.pdf
Sierra Leone,,Y,,SL-STF056,Dr. Kojo Carew,,General Practice,,,,,,,,,,,,,,,Western,,Western Urban,,Freetown,,8.484754,-13.249032,"Blue Shield Hospital, 27 Ascension Town Road",,,Geolocated to street level only,http://photos.state.gov/libraries/sierraleone/452467/Consular%20Section%202012/Jan2012-MedicalServiceProviders.pdf
Sierra Leone,,Y,,SL-STF057,Dr. Len Gordon Harris,,Radiology,,,,,,,,,,,,,,,Western,,Western Urban,,Freetown,,8.485504,-13.237624,"34 Bathurst St, Signal Hill",,,Geolocated to street level only,"http://photos.state.gov/libraries/sierraleone/452467/Consular%20Section%202012/Jan2012-MedicalServiceProviders.pdf
http://www.allianzworldwidecare.com/hospital-doctor-and-health-practitioner-finder?PROVTYPE=PRACTITIONERS&TRANS=Doctors%20and%20Health%20Practitioners%20in%20Freetown,%20Sierra%20Leone&CON=Africa&COUNTRY=Sierra_Leone&CITY=Freetown&choice=en"
Sierra Leone,Ebola Holding Centre,Y,,SL-STF058,"Connaught Hosp., Sight Savers International",Hospital,Opthalmology,,20,,,,,,,,,,,,,Western,,Western Urban,,Freetown,,8.488616,-13.238596,,,,Identified as an Ebola Holding Centre here: http://reliefweb.int/sites/reliefweb.int/files/resources/Ebola-Situation-Report_Vol-139.pdf,http://photos.state.gov/libraries/sierraleone/452467/Consular%20Section%202012/Jan2012-MedicalServiceProviders.pdf
Sierra Leone,,Y,,SL-STF060,Dr. Melvin Wyse,Private Practice,Dentist,,,,,,,,,,,,,,,Western,,Western Urban,,Freetown,,8.479722,-13.236206,"27 Pademba Road, 57 Old Railway Line, Wilberforce",,,"Geolocated to street level only for Pademba road.  For Old Railway Line road the coordinates are: 8.476050, -13.246624",http://photos.state.gov/libraries/sierraleone/452467/Consular%20Section%202012/Jan2012-MedicalServiceProviders.pdf
Sierra Leone,,Y,,SL-STF061,Dr. Michael Rekab,Private Practice,Dentist,,,,,,,,,,,,,,,Western,,Western Urban,,Freetown,,8.489789,-13.232863,17 Rawdon Street,,,Geolocated to street level only,http://photos.state.gov/libraries/sierraleone/452467/Consular%20Section%202012/Jan2012-MedicalServiceProviders.pdf
Sierra Leone,,Y,,SL-STF062,Dr. Mike Forde,,Orthopaedics Surgery,,,,,,,,,,,,,,,Western,,Western Urban,,Freetown,,8.480875,-13.255417,"23 main Motor Road, Margay Town",,,Geolocated to street level only,"http://photos.state.gov/libraries/sierraleone/452467/Consular%20Section%202012/Jan2012-MedicalServiceProviders.pdf
http://www.allianzworldwidecare.com/hospital-doctor-and-health-practitioner-finder?PROVTYPE=PRACTITIONERS&TRANS=Doctors%20and%20Health%20Practitioners%20in%20Freetown,%20Sierra%20Leone&CON=Africa&COUNTRY=Sierra_Leone&CITY=Freetown&choice=en"
Sierra Leone,,Y,,SL-STF063,"Dr. Muctar Jalloh, Childrens Hospital",,Pediatrics/Family practice,,,,,,,,,,,,,,,Western,,Western Urban,,Freetown,,8.489935,-13.218699,"Ola During Children's Hospital, Fourah Bay Rd.",,,Geolocated to street level only,http://photos.state.gov/libraries/sierraleone/452467/Consular%20Section%202012/Jan2012-MedicalServiceProviders.pdf
Sierra Leone,,Y,15/07/2014,SL-STF064,Dr. Patrick Coker,GP,General Practice,,,,,,,,,,,,,,,Western,,Western Urban,,Freetown,,8.486785,-13.23698,"47A Percival Street, 1 off Road, Tengbeh Town",,,Geolocated to street level only,http://photos.state.gov/libraries/sierraleone/452467/Consular%20Section%202012/Jan2012-MedicalServiceProviders.pdf
Sierra Leone,,Y,,SL-STF065,Dr. Songo Williams,,Otolaryntology,,,,,,,,,,,,,,,Western,,Western Urban,,Freetown,,8.485369,-13.218719,90A Kissy Road,,,Geolocated to street level only,http://photos.state.gov/libraries/sierraleone/452467/Consular%20Section%202012/Jan2012-MedicalServiceProviders.pdf
Sierra Leone,EBOLA HOLDING CENTRE,Y,,SL-STF067,PCMH Hospital,Hospital,Obstetrics & Gyneaecology,,35,,,,,,,,,,,,,Western,,Western Urban,,Freetown,,8.490086,-13.218921,Fourah Bay Road,,,Identified as an Ebola Holding Centre here: http://reliefweb.int/sites/reliefweb.int/files/resources/Ebola-Situation-Report_Vol-139.pdf,"https://www.google.ca/maps/place/PCMH/@8.490086,-13.218921,971m/data=!3m2!1e3!4b1!4m2!3m1!1s0xf04c24d25cc3eb5:0xa9b034a0c6e350be"
Sierra Leone,,Y,,SL-STF068,Dr. Victor Willoughby,,Internal Medicine,,,,,,,,,,,,,,,Western,,Western Urban,,Freetown,,8.489332,-13.233311,"5A Howe Street, 46 Old Railway Line Wilberforce",,,"Geolocated to street level only for Howe Street.  For Old Railway Line road the coordinates are: 8.476050, -13.246624",http://photos.state.gov/libraries/sierraleone/452467/Consular%20Section%202012/Jan2012-MedicalServiceProviders.pdf
Sierra Leone,,Y,,SL-STF069,Dr. Walter Renner,General Practice,,,,,,,,,,,,,,,,Western,,Western Urban,,Freetown,,8.488044,-13.237077,8 Pultney Street,,,Geolocated to street level only,"http://photos.state.gov/libraries/sierraleone/452467/Consular%20Section%202012/Jan2012-MedicalServiceProviders.pdf
http://www.allianzworldwidecare.com/hospital-doctor-and-health-practitioner-finder?PROVTYPE=PRACTITIONERS&TRANS=Doctors%20and%20Health%20Practitioners%20in%20Freetown,%20Sierra%20Leone&CON=Africa&COUNTRY=Sierra_Leone&CITY=Freetown&choice=en"
Sierra Leone,,Y,,SL-STF070,Emergency Hospital,Hospital,"Emergency surgery, orthopaedic and reconstructive surgery, paediatrics, screening of potential Khartoum's Salam Centre for Cardiac Surgery patients",Emergency,Surgical center: 85 beds Pediatric center: 14 beds,,,,,,,,,,,,,Western,,Western Urban,,Freetown,,,, Goderich,http://www.emergency.it/sierraleone/goderich-surgical-centre-data.html,,Location unknown,"http://photos.state.gov/libraries/sierraleone/452467/Consular%20Section%202012/Jan2012-MedicalServiceProviders.pdf 
http://www.emergency.it/sierraleone/goderich-surgical-centre-data.html 
http://www.emergency.it/sierraleone/goderich-paediatric-centre-data.html"
Sierra Leone,,Y,,SL-STF071,Health Sector Support Project,,,,,,,,,,,,,,,,,Western,,Western Urban,,Freetown,,8.4765706,-13.2734699,16 Wilkinson Road,,,,
Sierra Leone,,Y,,SL-STF072,IMRES Pharmacy,Pharmacy,,,,,,,,,,,,,,,,Western,,Western Urban,,Freetown,,8.4906935,-13.2327329,18 Willberforce Street,,,,http://photos.state.gov/libraries/sierraleone/452467/Consular%20Section%202012/Jan2012-MedicalServiceProviders.pdf
Sierra Leone,,Y,,SL-STF073,Insons Pharmacy,Pharmacy,,,,,,,,,,,,,,,,Western,,Western Urban,,Freetown,,8.476751,-13.273465,Wilkinson Road,,,Geolocated to street level only,http://photos.state.gov/libraries/sierraleone/452467/Consular%20Section%202012/Jan2012-MedicalServiceProviders.pdf
Sierra Leone,,,,SL-STF074,Kindoya Hospital,Hospital,,,,"
",,,,,,,,,,,,Southern,,Bo,,Bo,,7.959733,-11.739121,"1 Prince Williams Street, Clock Tower",,,the geoview link shows the location,"http://sl.geoview.info/kindoya_hospital,1795616979n
http://yellowpages.cybo.com/SL/bomi,_sierra_leone/hospitals/"
Sierra Leone,,Y,,SL-STF075,KONO Care Pharmacy,Pharmacy,,,,,,,,,,,,,,,,Western,,Western Urban,,Freetown,,8.484044,-13.238734,11 Siaka Stevens Street,,,Geolocated to street level,http://photos.state.gov/libraries/sierraleone/452467/Consular%20Section%202012/Jan2012-MedicalServiceProviders.pdf
Sierra Leone,,notes,,SL-STF076,L. M. Memorial Clinic,Clinic,,,,,,,,,,,,,,,,Western,,Western Urban,,Freetown,,8.4774668,-13.2404999,5 Macdonald Street,,,Geolocated to street level only,
Sierra Leone,,notes,,SL-STF077,Lacs Clinic and Nursing Home,Nursing Home,,,,,,,,,,,,,,,,Western,,Western Urban,,Freetown,,8.481858,-13.246341,27 Syke Street,,,Geolocated to street level only,
Sierra Leone,,notes,,SL-STF078,M & B Maternity Home,Maternity and nursing home,,,,,,,,,,,,,,,,Eastern,,Kono,,Koidu,,8.643734,-10.971737,2 Turner Street,,,Geolocated to town level only,
Sierra Leone,EBOLA HOLDING CENTER,Y,17/09/2014,SL-STF080,Macauley Street Government Hospital,,Triage,No Partner Identified,8,,,,,,,,,,,N/A,N/A,Western,,Western Urban,,Freetown,,8.493389,-13.266685,,,http://www.openstreetmap.org/search?query=8.4790017%2C%20-13.2680158#map=11/8.4792/-13.2681,Maculy Street Hospital is being renovated to act as an isolation unit.  Identified as an Ebola Holding Centre here: http://reliefweb.int/sites/reliefweb.int/files/resources/Ebola-Situation-Report_Vol-139.pdf,https://www.internationalsos.com/ebola/index.cfm?content_id=397&language_id=ENG
Sierra Leone,,,,SL-STF081,Marie Stopes Health Centre,Health Centre,Maternity hospital,,,Aberdeen,,,,,,,,,,,,Western,,Western Urban,,Freetown,,8.486645,-13.267483,"10A / 10B Ahmed Drive, Off Sir Samuel Lewis Road",,,,http://photos.state.gov/libraries/sierraleone/452467/Consular%20Section%202012/Jan2012-MedicalServiceProviders.pdf
Sierra Leone,,notes,,SL-STF084,Marie Stopes Society,Nursing home,,,,,,,,,,,,,,,,Eastern,,Kono,,Koidu,,8.645098,-10.969639,20 Main Road,www.mariestopes.org.uk,,Geolocated to town level only,"http://yellowpages.cybo.com/SL/bomi,_sierra_leone/hospitals/"
Sierra Leone,,Y,,SL-STF086,Matilda Lisk RN M.W/A,,Anesthetist,,,,,,,,,,,,,,,Western,,Western Urban,,Freetown,,8.479488,-13.253632,"7 Main Motor Road, Congo Cross",,,Geolocated to street/neighbourhood level only,http://photos.state.gov/libraries/sierraleone/452467/Consular%20Section%202012/Jan2012-MedicalServiceProviders.pdf
Sierra Leone,,Y,,SL-STF087,Mercy Ship,Hospital,,,,,,,,,,,,,,,,Western,,Western Urban,,Freetown,,8.496145,-13.284289,Aberdeen (Bay),,,,http://photos.state.gov/libraries/sierraleone/452467/Consular%20Section%202012/Jan2012-MedicalServiceProviders.pdf
Sierra Leone,,,,SL-STF088,Mercy Ships,,,,,,,,,,,,,,,,,Western,,Western Urban,,Freetown,,8.493912,-13.286789,"Fistula Centre, Cape Road, Aberdeen Roundabout",,,,
Sierra Leone,,,,SL-STF089,Mercy Ships,,,,,Waterloo,,,,,,,,,,,,Western,,Western Urban,,Freetown,,,,"New Steps Centre, Main Highway",,,,
Sierra Leone,verified,Y,,SL-STF090,AHS Waterloo Hospital,Hospital,provides medical and surgical services,,,,,,,,,,,,,,,Western,,Western Rural,,Waterloo,,8.335611,-13.073747,Main Highway,www.mercyships.org,,,https://ssl.panoramio.com/photo/2858632
Sierra Leone,,Y,,SL-STF091,Miss Frances Koroma,,Physiotherapist,,,,,,,,,,,,,,,Western,,Western Urban,,Freetown,,8.475955,-13.239473,"Tutteu Fitness Center, E8 Beconfield, Ferguson Street //Connaught Hospital",,,XY listed for Ferguson Street,http://photos.state.gov/libraries/sierraleone/452467/Consular%20Section%202012/Jan2012-MedicalServiceProviders.pdf
Sierra Leone,,,,SL-STF092,Ngoilla Patent Centre,Pharmacy?,,,,,,,,,,,,,,,,Northern,,Bombali,,Makeni,,8.887102,-12.043936,19 Station Road,,,,
Sierra Leone,,,,SL-STF093,Nicksan Medical Nursing Home,Nursing Home,,,,,,,,,,,,,,,,Western,,Western Urban,,Freetown,,8.4740897,-13.2474754,57 Bath Street,,,,
Sierra Leone,,,,SL-STF094,"Pharmacy Board, Wiltshire Johnson",Pharmacy,,,,,,,,,,,,,,,,Western,,Western Urban,,Freetown,,8.490325,-13.218883,,,,,http://photos.state.gov/libraries/sierraleone/452467/Consular%20Section%202012/Jan2012-MedicalServiceProviders.pdf
Sierra Leone,EBOLA HOLDING CENTER,,,SL-STF095,Princess Christian Maternity Hospital (PCMH),Maternity Hospital,,OXFAM?,35,,,,,,,,,,,,,Western,,Western Urban,,Freetown,,8.490086,-13.218921,Fourah Bay Road,,,Identified as an Ebola Holding Centre here: http://reliefweb.int/sites/reliefweb.int/files/resources/Ebola-Situation-Report_Vol-139.pdf,http://www.sierraexpressmedia.com/?p=67278
Sierra Leone,,,,SL-STF096,Ramsy Medical Laboratories,Laboratory,,,,,,,,,,,,,,,,Western,,Western Urban,,Freetown,,8.4887572,-13.2337613,"Marong House, 11 Charlotte Street",,,,
Sierra Leone,,,,SL-STF097,Ramsy Medical Laboratories,Laboratory,,,,,,,,,,,,,,,,Southern,,Bo,,Bo,,7.964452,-11.740635,9 Fenton Road,www.ramsymedicallab.com,,,"http://yellowpages.cybo.com/SL/bomi,_sierra_leone/hospitals/"
Sierra Leone,,Y,,SL-STF098,SAMJANA Pharmacy,Pharmacy,,,,,,,,,,,,,,,,Western,,Western Urban,,Freetown,,8.4875526,-13.2301408,5 upper East Street,,,Geolocated to street level only (directory suggests address may be 2 upper east street,http://photos.state.gov/libraries/sierraleone/452467/Consular%20Section%202012/Jan2012-MedicalServiceProviders.pdf  ; http://yellowpages.cybo.com/SL-biz/samjana-pharmacy
Sierra Leone,,,,SL-STF099,SOS Handicapped Home,Handicapped Home,,,,Freetown,,,,,,,,,,,,,,,,,,,,,,,,
Sierra Leone,,,,SL-STF100,St. John Clinic and Nursing Home,"Clinic, Nursing Home",,,,,,,,,,,,,,,,Western,,Western Urban,,Freetown,,8.477539,-13.240464,65 Macdonald Street,,,,"https://www.google.it/maps/place/Macdonald+St,+Freetown,+Sierra+Leone/@8.4774642,-13.2404685,459m/data=!3m1!1e3!4m2!3m1!1s0xf04c3a05e332c65:0xeb460bfab36f663d?hl=en"
Sierra Leone,,,,SL-STF101,The Yilla Hospital Shopping (Dr. M.B Yilla of Kindoya Hospital),Hospital,,,,,,,,,,,,,,,,Southern,,Bo,,Bo,,8.478068,-13.234675,"1 Prince Williams Street, Clock Tower",,,This is the address for Kindoya Hospital - Yilla is the name of the doctor,"http://yellowpages.cybo.com/SL/bomi,_sierra_leone/hospitals/, http://www.sierraherald.com/bo-report-keyfindings.htm"
Sierra Leone,,,,SL-STF102,Tianshi Health Industry and Enterprises (SL) Limited,Hospital?,,,,,,,,,,,,,,,,Northern,,Bombali,,Makeni,,8.88998,-12.04308,23 Mabanta Road,,,Coordinates are for Mabanta Road.  Unable to specify the street number.,"http://infosierraleone.jimdo.com/healthcare/hospitals/, http://www.openstreetmap.org/search?query=5%20mabanta%20road%2C%20makeni#map=19/8.88998/-12.04308&layers=H"
Sierra Leone,,,,SL-STF103,Top Care Health Centre,Health Centre,,,,Wellington,,,,,,,,,,,,Western,,Western Urban,,Wellington,,8.4423088,-13.1709485,1 Antana Street,,,Not possible to geolocate specific location.  Geolocated to village level only.,"https://www.google.it/maps/place/Wellington,+Freetown,+Sierra+Leone/@8.4420189,-13.17093,3502m/data=!3m2!1e3!4b1!4m2!3m1!1s0xf04e803cb983c27:0x23573a5c3c13b9?hl=en"
Sierra Leone,,Y,,SL-STF104,Universal Pharmaceutical,Pharmacy,,,,,,,,,,,,,,,,Western,,Western Urban,,Freetown,,8.4875669,-13.2288229,Opposit 45 Lumley St,,,Geolocated to street level only,"http://photos.state.gov/libraries/sierraleone/452467/Consular%20Section%202012/Jan2012-MedicalServiceProviders.pdf, https://www.google.it/maps/place/Lumley+St,+Freetown,+Sierra+Leone/@8.4875669,-13.2288229,876m/data=!3m2!1e3!4b1!4m2!3m1!1s0xf04c3b1d3624201:0x3f0c4431fa6bf99b?hl=en"
Sierra Leone,,,,SL-STF105,Vinell Nursing Home ,Health Centre,,,,Congo Cross,,,,,,,,,,,,Western,,Western Urban,,Freetown,,8.482693,-13.258076,13 Main Motor Road,,,"This has been geolocated to the street/area, but not the street number.","https://www.google.it/maps/place/Congo+Cross+Police+Station/@8.48316,-13.259322,876m/data=!3m2!1e3!4b1!4m2!3m1!1s0xf04c384368048a1:0x76a35f1761852b48?hl=en"
Sierra Leone,Closed,,,SL-STF106,Well Bodies Hospital,Hospital and nursing home,,,,,,,,,,,,,,,,Northern,,Port Loko,,Port Loko,,8.764541,-12.785471,4 Conteh Street,,,This has been geolocated to the village level only. If this is the port loko government hospital it maybe closed - see news link.,"https://www.google.it/maps/place/Port+Loko,+Sierra+Leone/@8.7674771,-12.7860906,1741m/data=!3m1!1e3!4m2!3m1!1s0xf0462943d668c2b:0xc775e1782362c83?hl=en, http://crofsblogs.typepad.com/h5n1/2014/08/ebola-in-sierra-leone-four-government-hospitals-closed.html"
Sierra Leone,,Y,,SL-STF108,Women's Health Care Center,Health Centre,,,,,,,,,,,,,,,,Western,,Western Urban,,Freetown,,8.4894814,-13.232659,10 Rawdon Street,,,Geolocated to street level only,http://photos.state.gov/libraries/sierraleone/452467/Consular%20Section%202012/Jan2012-MedicalServiceProviders.pdf
Sierra Leone,,,,SL-STF110,Your Healthcare Centre,Health Centre,,,,,,,,,,,,,,,,Eastern,,Kenema,,Kenema,,7.8639323,-11.204338,35 Maxwell Street,,,This has been geolocated to town level only,"https://www.google.com/maps/place/Kenema,+Sierra+Leone/@7.8639323,-11.204338,12555m/data=!3m2!1e3!4b1!4m2!3m1!1s0xf07cf4793f78db5:0x9446f2b601ef6502"
Sierra Leone,Pending,,17/09/2014,SL-STF111,,,ETC,IMC,100,,,,,,,,,,,Planned 06 Dec,N/A,,,,,Gbom Samba Town,,,,,,,Newly decided site to be set up (this replaces the previously planned sites at Bombali/Makeni and Port Loko); will take approx. 3 months before ready – projected opening date of 06 Dec. IMC will be in charge of 50 beds; still need a partner for other 50 beds,http://reliefweb.int/sites/reliefweb.int/files/resources/Sierra%20Leone%20Ebola%20Situation%20Report%2004.pdf; WHO Foreign Medical Teams International Response
Sierra Leone,Pending,,17/09/2014,SL-STF112,,,"ETC, Triage",Addax Bio Energy Sierra Leone,40,,,,,,,,,,,First week of October,N/A,Northern,,Bombali,,Makeni,,8.8882804,-12.0439135,,,http://www.openstreetmap.org/search?query=8.8882804%09-12.0439135#map=9/8.8878/-12.0438,,WHO Data
Sierra Leone,,,03/10/2014,SL-STF117,King’s Sierra Leone Partnership/ Connaught Hospital,Hospital,"General Surgery, Lab, Pharmacy",King's Sierra Leone Partnership,,,,,,,,,,,,01/01/2013,,Western,,Western Urban,,Freetown,,8.48445,-13.26827,"C/o Connnaught. Hospital, Tower Hill",http://kslp.org.uk/contact/,,,"http://www.allianzworldwidecare.com/hospital-doctor-and-health-practitioner-finder?PROVTYPE=PRACTITIONERS&TRANS=Doctors%20and%20Health%20Practitioners%20in%20Freetown,%20Sierra%20Leone&CON=Africa&COUNTRY=Sierra_Leone&CITY=Freetown&choice=en"
Sierra Leone,,Y,03/10/2014,SL-STF118,King’s Sierra Leone Partnership/ Connaught Hospital,Hospital,"Cardiology, General Surgery, Lab, Pharmacy",King's Sierra Leone Partnership,,,,,,,,,,,,01/01/2013,,Western,,Western Urban,,Freetown,,8.488616,-13.238596,"C/o Connnaught. Hospital, Tower Hill",http://kslp.org.uk/contact/,,Dr. Olu Black is retired,"http://www.allianzworldwidecare.com/hospital-doctor-and-health-practitioner-finder?PROVTYPE=PRACTITIONERS&TRANS=Doctors%20and%20Health%20Practitioners%20in%20Freetown,%20Sierra%20Leone&CON=Africa&COUNTRY=Sierra_Leone&CITY=Freetown&choice=en"
Sierra Leone,,,,SL-STF120,Dr. Robin-Coker Coker,,Pediatrics,,,,,,,,,,,,,,,Western,,Western Urban,,Freetown,,8.48445,-13.26837,12 Main Motor Road,,,,"http://www.allianzworldwidecare.com/hospital-doctor-and-health-practitioner-finder?PROVTYPE=PRACTITIONERS&TRANS=Doctors%20and%20Health%20Practitioners%20in%20Freetown,%20Sierra%20Leone&CON=Africa&COUNTRY=Sierra_Leone&CITY=Freetown&choice=en"
Sierra Leone,,,,SL-STF122,Dr. F Fergusson,,Opthalmology,,,,,,,,,,,,,,,western,,western urban,,Freetown,,8.48445,-13.26837,UMC Urban Center/ Kissy New Road,,,,"http://www.allianzworldwidecare.com/hospital-doctor-and-health-practitioner-finder?PROVTYPE=PRACTITIONERS&TRANS=Doctors%20and%20Health%20Practitioners%20in%20Freetown,%20Sierra%20Leone&CON=Africa&COUNTRY=Sierra_Leone&CITY=Freetown&choice=en"
Sierra Leone,,,,SL-STF125,Dr. D. Hrading,,Anasthaetics,,,,,,,,,,,,,,,western,,western urban,,freetown,,8.48445,-13.26837,"7 Main Motor Road, Congo Cross",,,,"http://www.allianzworldwidecare.com/hospital-doctor-and-health-practitioner-finder?PROVTYPE=PRACTITIONERS&TRANS=Doctors%20and%20Health%20Practitioners%20in%20Freetown,%20Sierra%20Leone&CON=Africa&COUNTRY=Sierra_Leone&CITY=Freetown&choice=en"
Sierra Leone,,,,SL-STF127,Dr. Tungi M. Asgil,,Internal Medicine,,,,,,,,,,,,,,,western,,western urban,,freetown,,8.48445,-13.26837,"9 Pademba Road, 26 Signal Hill",,,,"http://www.allianzworldwidecare.com/hospital-doctor-and-health-practitioner-finder?PROVTYPE=PRACTITIONERS&TRANS=Doctors%20and%20Health%20Practitioners%20in%20Freetown,%20Sierra%20Leone&CON=Africa&COUNTRY=Sierra_Leone&CITY=Freetown&choice=en"
Sierra Leone,,Y,,SL-STF129,Dr. Machael Rekab,,Dentistry,,,,,,,,,,,,,,,western,,western urban,,freetown,,8.489789,-13.232863,17 Rawdon Street,,,Geolocated to the street level only,"http://www.allianzworldwidecare.com/hospital-doctor-and-health-practitioner-finder?PROVTYPE=PRACTITIONERS&TRANS=Doctors%20and%20Health%20Practitioners%20in%20Freetown,%20Sierra%20Leone&CON=Africa&COUNTRY=Sierra_Leone&CITY=Freetown&choice=en"
Sierra Leone,EBOLA HOLDING CENTER,,,SL-STF133,Connaught Hospital,Hospital,"Opthalmology, General Surgery",Connaught Hospital,20,,,,,,,,,,,,,western,,western urban,,freetown,,8.48445,-13.26837,Connaught Hospital,"sightsavers.org, http://kslp.org.uk",,Identified as an Ebola Holding Centre here: http://reliefweb.int/sites/reliefweb.int/files/resources/Ebola-Situation-Report_Vol-139.pdf,"http://www.allianzworldwidecare.com/hospital-doctor-and-health-practitioner-finder?PROVTYPE=PRACTITIONERS&TRANS=Doctors%20and%20Health%20Practitioners%20in%20Freetown,%20Sierra%20Leone&CON=Africa&COUNTRY=Sierra_Leone&CITY=Freetown&choice=en"
Sierra Leone,,,,SL-STF134,Dr. Lottie C.O. Whitfields,,Paediatrics,,,,,,,,,,,,,,,western,,western urban,,freetown,,8.48445,-13.26837,5A heddle St off Campbell Street,,,,"http://www.allianzworldwidecare.com/hospital-doctor-and-health-practitioner-finder?PROVTYPE=PRACTITIONERS&TRANS=Doctors%20and%20Health%20Practitioners%20in%20Freetown,%20Sierra%20Leone&CON=Africa&COUNTRY=Sierra_Leone&CITY=Freetown&choice=en"
Sierra Leone,,,,SL-STF136,Dr. Songo Williams,,Otorhinolaryngology (ENT),,,,,,,,,,,,,,,Western,,Western Urban,,freetown,,8.48445,-13.26837,34 Bathurst Street,,,,"http://www.allianzworldwidecare.com/hospital-doctor-and-health-practitioner-finder?PROVTYPE=PRACTITIONERS&TRANS=Doctors%20and%20Health%20Practitioners%20in%20Freetown,%20Sierra%20Leone&CON=Africa&COUNTRY=Sierra_Leone&CITY=Freetown&choice=en"
Sierra Leone,,,,SL-STF139,Netland Hospital,Hospital,General Surgery,,,,,,,,,,,,,,,Western,,Western Urban,,Freetown,,8.479167,-13.254722,"Congo Cross, Madongo Town",,,tentative new entry,http://wikimapia.org/15905688/Netland-Hospital
Sierra Leone,,,,SL-STF140,Bo Government Hospital,Hospital,"General Surgery, Maternity ward, dental department, Pediatrics, Outpatient care",,450,,,,,,,,,,,,,Southern,,Bo,,Bo,,7.963986,-11.7418,"Hospital Road, Hangha town",,,"""Bo: MSF Ebola case management Unit is now functional""  (SOS source)
Online reviews describe this facility as: Largest hospital in Southern Sierra Leone.  Surrounded by a concrete fence.","https://www.internationalsos.com/ebola/index.cfm?content_id=397&language_id=ENG
http://www.who.int/surgery/QuantifyingSurgicalCapacity_ArchSurg.pdf"
Sierra Leone,,,,SL-STF141,Iamtech,Hospital,"Medical, Dental practice, hospital",,,,,,,,,,,,,,,Western,,Western Urban,,Freetown,,8.480676,-13.199452,"113 Hospital Road, P O Box CT6 Kissy",,,,http://yellowpages.cybo.com/SL-biz/iamtech
,,,,SL-STF141,Children's Hospital,Hospital,,,,,,,,,,,,,,,,Western,,Western Urban,,Freetown,,8.489956,-13.218656,Fourah Bay Road,,,,
Sierra Leone,,,,SL-STF142,Dr. Modupeh Cole,,Physicians & Surgeons,,,,,,,,,,,,,,,Western,,Western Urban,,Freetown,,8.488447,-13.238543,Connaught Hospital,,,,http://yellowpages.cybo.com/SL-biz/dr-modupeh-cole
Sierra Leone,,N,04/10/2014,SL-STF142,GGM Clinic at the National Rehabilitative Centre,Outpatient Clinic,,Global Giving Ministries,,,,,,,,,,,,,,Western,,Western Urban,,Freetown,,8.48445,-13.26827,Wilkinson Road,,,,www.globalgiving.org
Sierra Leone,,,,SL-STF143,St. John of God Catholic Hospital (Mabesseneh),Hospital,,,,,,,,,,,,,,,,Northern,,Port Loko,,Lunsar,,8.685566,-12.533748,,,,,http://yellowpages.cybo.com/SL-biz/st-john-of-god-hospital
Sierra Leone,,N,04/10/2014,SL-STF143,GGM Lady Deborah Berewa Hospital,Outpatient Hospital,,Global Giving Ministries,,,,,,,,,,,,01/12/2012,,Western,,Western Rural,,Lakka,,8.40649,-13.26462,Peninsular Highway,,,,www.globalgiving.org
Sierra Leone,,,,SL-STF144,Alco Pharmacy,Pharmacy,Pharmacy,,,,,,,,,,,,,,,Western,,Western Urban,,Freetown,,8.488752,-13.233701,3 Charlotte Street,,,,http://yellowpages.cybo.com/SL-biz/alco-pharmacy
Sierra Leone,,Y,,SL-STF144,Holy Spirit Hospital,Medical Center,See notes,,83,"Theatre, Laboratory, Pharmacy.","Laboratory staff
Nursing staff
Cleaners
Other support staff
Total staff     53
Volunteers     13
Doctors 3",3,,,"almost no protective equipment, Oct 3 2014",,,,,,,Northern,,Bombali,,Makeni,,8.89278,-12.03613,"Wallace Johnson Street;
Masuba Road, Makeni, Sierra Leone, West Africa",www.hsh-makeni.com,https://www.openstreetmap.org/way/224729043#map=18/8.89274/-12.03625,"Shortage of basic medical supplies, September 3, 2014;  Our pharmacies are running out of medicine for even malaria and typhoid. Oct 3 2014",www.hsh-makeni.com ; http://www.theguardian.com/world/2014/oct/03/ebola-sierra-leone-epidemic
Sierra Leone,,Y,,SL-STF145,Eye Hospital,Hospital,Eye Hospital,,,,,,,,,,,,,,,Northern,,Port Loko,,Lunsar,,8.695692,-12.52807,Makeni Road,http://eyehospitallunsar.weebly.com/index.html,,,
Sierra Leone,,N,06/10/2014,SL-STF145,Red Cross Ebola Treatment Centre,Treatment Center,,Red Cross,60,,99,,,,,,,,,"Week of September 16, 2014. ",,Eastern,,Kenema,,Kenema,,8.005088,-11.115603,,www.redcross.ca,,"Opened week of September 16, 2014.",Red Cross website.
,,,,SL-STF146,Bo  Children's Hospital,Hospital,Pediatrics,,11-bed ward,"x-ray facilities, 2 new vital signs patient monitors, 3 oximeters, 3 portable electronic baby scales with carry bags, incubator",two doctors Jalloh and Sombie & 10 nursing staff,,,,,,,,,,,Southern,,Bo,,Bo,,,,"Geoma II layout Bo-Taima highway,Bo",http://www.bochildrenshospital.org.au/newsN.php,,"
Address / phone No from organising body
photos on website document staff numbers and equipment as well as physical appearance of the facility",http://www.bochildrenshospital.org.au/newsN.php
Sierra Leone,,,,SL-STF147,Lumley Government hospital,Hospital,,,,,,,,,,,,,,,,Western,,Western Urban,,Freetown,,8.456508,-13.275957,,,,"could not geolocate accurately (based on name and substantial evidence it DOES exist) I'v included coords for centre of the ""district called Lumley"" as suggested by Google Earth.",http://www.theafricanmaternityhealthlink.co.uk/aboutus.html
Sierra Leone,,,,SL-STF148,Lungi Government Hospital,Hospital,,,,,,,,,,,,,,,,Western,,Western Urban,,Lungi,,8.627776,-13.203809,Hospital Road (Lungi),,,,Google maps
Sierra Leone,,,,SL-STF149,Ola During Children's Hospital,Hospital,,,,,,,,,,,,,,,,Western,,Western Urban,,Freetown,,8.490041,-13.218667,Fourah Bay Rd,,,,Google maps
Sierra Leone,EBOLA HOLDING CENTER,,,SL-STF150,Princess Christian Maternity Hospital,Hospital,Maternity,,4+ wards,,,,,,,,,,,,,Western,,Suctarr,,Freetown,,8.490041,-13.218913,Fourah Bay Rd,,,"Identified as an Ebola Holding Centre here: http://reliefweb.int/sites/reliefweb.int/files/resources/Ebola-Situation-Report_Vol-139.pdf; Princess Christian Maternity Hospital is a Hospital in Freetown, Sierra Leone nicknamed the 'Cottage Hospital'. On May 2006 Ahmad Tejan Kabbah re-opened the hospital alongside Connaught Hospital.",http://www.irinnews.org/report/77252/sierra-leone-maternity-hospital-is-last-resort & wikipedia & google maps
Sierra Leone,,,,SL-STF151,Mahera Hospital,Hospital,,,,,,,,,,,,,,,,Western,,,,Mahera,,8.600563,-13.199695,Hospital Road (Mahera),,,,google maps
Sierra Leone,,,,SL-STF152,Murray Town Hospital,Hospital,,,,,,,,,,,,,,,,Western,,Western Urban,,Freetown,,8.48862,-13.269301,Aberdeen Road,,,,google maps
Sierra Leone,,Y,,SL-STF154,Makeni Government Hospital,Hospital,Obstetrics,GOSL,,Medical Library,,,,,,,,,,,,Northern,,Bombali,,Makeni,,8.887501,-12.045843,,,,"Makeni Government Hospital is the Provincial Referral Hospital in Northern Sierra Leone, serving a population of 1.7 million. Health workers in Sierra Leone have very limited access to educational resources and continuous professional development, which can lead to difficulties when providing patient care. Many have little or no further training once their initial studies are completed.
A library... for healthcare workers, lab and Xray technicians, and hospital managers was set up in May 2013 on the hospital site. ","Google maps, OSM, Geonames"
Sierra Leone,,Y,,SL-STF155,Koidu Government Hospital,Hospital,,,,,,,,,,,,,,,,Eastern,,Kono,,Koidu,,8.648662,-10.965667,,,,,
Sierra Leone,,Y,,SL-STF156,Wellbody Alliance,Clinic,"Emergency care, Surgical care, Clinical care, primary care, prenatal care, paediatric care, women's health, HIV Aids, chronic conditions",,,,,,,,,,,,,,,Eastern,,Kono,,Koidu,,8.659669,-10.960756,,http://wellbodyalliance.org/our_work/clinical_care/,,,http://wellbodyalliance.org/our_work/clinical_care/
Sierra Leone,,,,SL-STF157,Mack Pharmacy (freetown rd),Pharmacy,Pharmacy,,,,,,,,,,,,,,,Western,,Western Urban,,Freetown,,8.479354,-13.261428,5 Freetown Road,,,coordinates may not be accurate from this source cybo mapping does not appear to be accurate (different addresses appear in the same location on cybo maps),http://yellowpages.cybo.com/SL-biz/mack-pharmacy_2B
Sierra Leone,,,,SL-STF158,Mack Pharmacy (Free street),Pharmacy,Pharmacy,,,,,,,,,,,,,,,Western,,Western Urban,,Freetown,,8.487167,-13.229944,5 Free Street,,,coordinates may not be accurate from this source cybo mapping does not appear to be accurate (different addresses appear in the same location on cybo maps),http://yellowpages.cybo.com/SL-biz/mack-pharmacy_1u
Sierra Leone,,,,SL-STF159,C. M. Pharmacy,Pharmacy,Pharmacy,,,,,,,,,,,,,,,Western,,Western Urban,,Freetown,,8.478824,-13.260004,2 King Street,,,coordinates may not be accurate from this source cybo mapping does not appear to be accurate (different addresses appear in the same location on cybo maps),http://yellowpages.cybo.com/SL-biz/c.-m.-pharmacy
Sierra Leone,,,,SL-STF160,C. B. Pharmacy,Pharmacy,Pharmacy,,,,,,,,,,,,,,,Western,,Western Urban,,Freetown,,8.477152,-13.240918,11 Dougan Street,,,coordinates may not be accurate from this source cybo mapping does not appear to be accurate (different addresses appear in the same location on cybo maps),http://yellowpages.cybo.com/SL-biz/c.-b.-pharmacy
Sierra Leone,,,,SL-STF161,C. V. S. Pharmacy,Pharmacy,Pharmacy,,,,,,,,,,,,,,,Western,,Western Urban,,Freetown,,8.48436,-13.238392,37 Big Waterloo Street,,,coordinates may not be accurate from this source cybo mapping does not appear to be accurate (different addresses appear in the same location on cybo maps),http://yellowpages.cybo.com/SL-biz/c.-v.-s.-pharmacy
Sierra Leone,,,,SL-STF162,A. K. J Pharmacy,Pharmacy,Pharmacy,,,,,,,,,,,,,,,Western,,Western Urban,,Freetown,,8.488098,-13.230386,4 back street,,,coordinates may not be accurate from this source cybo mapping does not appear to be accurate (different addresses appear in the same location on cybo maps),http://yellowpages.cybo.com/SL-biz/a.-k.-j.-pharmacy
Sierra Leone,,,,SL-STF163,People's Pharmacy,Pharmacy,Pharmacy,,,,,,,,,,,,,,,Western,,Western Urban,,Freetown,,8.488145,-13.231845,18 Garrison Street,,,coordinates may not be accurate from this source cybo mapping does not appear to be accurate (different addresses appear in the same location on cybo maps),http://yellowpages.cybo.com/SL-biz/people%27s-pharmacy
Sierra Leone,,,,SL-STF164,People's Pharmacy (Pademba rd),Pharmacy,Pharmacy,,,,,,,,,,,,,,,Western,,Western Urban,,Freetown,,8.47977,-13.236143,122 Pademba Road,,,coordinates may not be accurate from this source cybo mapping does not appear to be accurate (different addresses appear in the same location on cybo maps),http://yellowpages.cybo.com/SL-biz/people%27s-pharmacy_1a
Sierra Leone,,,,SL-STF165,Thullah Pharmacy,Pharmacy,Pharmacy,,,,,,,,,,,,,,,Western,,Western Urban,,Freetown,,8.489451,-13.206185,5 Cline Street,,,coordinates may not be accurate from this source cybo mapping does not appear to be accurate (different addresses appear in the same location on cybo maps),http://yellowpages.cybo.com/SL-biz/thullah-pharmacy
Sierra Leone,,,,SL-STF166,Midnight Pharmacy,Pharmacy,Pharmacy,,,,,,,,,,,,,,,Western,,Western Urban,,Freetown,,8.477829,-13.239783,40 Campbell Street,,,coordinates may not be accurate from this source cybo mapping does not appear to be accurate (different addresses appear in the same location on cybo maps),http://yellowpages.cybo.com/SL-biz/midnight-pharmacy
Sierra Leone,,,,SL-STF167,Janday's Pharmacy,Pharmacy,Pharmacy,,,,,,,,,,,,,,,Western,,Western Urban,,Freetown,,8.484341,-13.234911,27 Adelaide Street,,,Address not found on map. (matched location on map in business listing),http://yellowpages.cybo.com/SL-biz/janday%27s-pharmacy
Sierra Leone,,,,SL-STF168,Kanunaki Pharmacy,Pharmacy,Pharmacy,,,,,,,,,,,,,,,Western,,Western Urban,,Freetown,,8.475296,-13.246692,43 Bright Street,,,coordinates may not be accurate from this source cybo mapping does not appear to be accurate (different addresses appear in the same location on cybo maps),http://yellowpages.cybo.com/SL-biz/kanunaki-pharmacy
Sierra Leone,,,,SL-STF169,A. K. J. Pharmacy (Bai Bureh Rd Kissy),Pharmacy,Pharmacy,,,,,,,,,,,,,,,Western,,Western Urban,,Freetown,,8.450347,-13.16675,50 Bai Bureh Road,,,coordinates may not be accurate from this source cybo mapping does not appear to be accurate (different addresses appear in the same location on cybo maps),http://yellowpages.cybo.com/SL-biz/a.-k.-j.-pharmacy_1l
Sierra Leone,,,,SL-STF170,Gaba Pharmacy,Pharmacy,Pharmacy,,,,,,,,,,,,,,,Western,,Western Urban,,Freetown,,8.450357,-13.16675,116 Bai Bureh Road,,,coordinates may not be accurate from this source cybo mapping does not appear to be accurate (different addresses appear in the same location on cybo maps),http://yellowpages.cybo.com/SL-biz/gaba-pharmacy
Sierra Leone,,,,SL-STF171,Health Care Pharmacy,Pharmacy,Pharmacy,,,,,,,,,,,,,,,Western,,Western Urban,,Freetown,,8.490501,-13.232643,4 Wilberforce Street,,,coordinates may not be accurate from this source cybo mapping does not appear to be accurate (different addresses appear in the same location on cybo maps),http://yellowpages.cybo.com/SL-biz/health-care-pharmacy
Sierra Leone,,,,SL-STF172,Kempuka Pharmacy,Pharmacy,Pharmacy,,,,,,,,,,,,,,,Western,,Western Urban,,Freetown,,8.485623,-13.244413,8 Hennessy Street,,,coordinates may not be accurate from this source cybo mapping does not appear to be accurate (different addresses appear in the same location on cybo maps),http://yellowpages.cybo.com/SL-biz/kempuka-pharmacy
Sierra Leone,,,,SL-STF173,Kabala Labhal Pharmacy,Pharmacy,Pharmacy,,,,,,,,,,,,,,,Western,,Western Urban,,Freetown,,8.485449,-13.218966,82 Kissy Road,,,coordinates may not be accurate from this source cybo mapping does not appear to be accurate (different addresses appear in the same location on cybo maps),http://yellowpages.cybo.com/SL-biz/kabala-labhal-pharmacy
Sierra Leone,,,,SL-STF174,C. M. Pharmacy,Pharmacy,Pharmacy,,,,,,,,,,,,,,,Western,,Western Urban,,Freetown,,8.487146,-13.229965,10 Free Street,,,coordinates may not be accurate from this source cybo mapping does not appear to be accurate (different addresses appear in the same location on cybo maps),http://yellowpages.cybo.com/SL-biz/c.-m.-pharmarcy
Sierra Leone,,,,SL-STF175,Pharmacy Board Of Sierra Leone,Pharmacy,Pharmacy,,,,,,,,,,,,,,,Western,,Western Urban,,Freetown,,8.486734,-13.23601,64 Siaka Stevens Street,,,coordinates may not be accurate from this source cybo mapping does not appear to be accurate (different addresses appear in the same location on cybo maps),http://yellowpages.cybo.com/SL-biz/pharmacy-board-of-sierra-leone
Sierra Leone,,,,SL-STF176,S.B.S. Pharmaceutical,Pharmacy,Pharmacy,,,,,,,,,,,,,,,Western,,Western Urban,,Freetown,,8.487961,-13.222765,24 Bombay Street,,,coordinates may not be accurate from this source cybo mapping does not appear to be accurate (different addresses appear in the same location on cybo maps),http://yellowpages.cybo.com/SL-biz/s.-b.-s.-pharmaceutical
Sierra Leone,,,,SL-STF177,W. J. Pharmaceutical,Pharmacy,Pharmacy,,,,,,,,,,,,,,,Western,,Western Urban,,Freetown,,8.489545,-13.218799,59 Fourah Bay Road,,,coordinates may not be accurate from this source cybo mapping does not appear to be accurate (different addresses appear in the same location on cybo maps),http://yellowpages.cybo.com/SL-biz/w.-j.-pharmaceutical
Sierra Leone,,,,SL-STF178,Amka Pharmaceutical,Pharmacy,Pharmacy,,,,,,,,,,,,,,,Western,,Western Urban,,Freetown,,8.489603,-13.23282,46 Rawdon Street,,,coordinates may not be accurate from this source cybo mapping does not appear to be accurate (different addresses appear in the same location on cybo maps),http://yellowpages.cybo.com/SL-biz/amka-pharmaceutical
Sierra Leone,,,,SL-STF179,Juma Pharmaceutical,Pharmacy,pharmacy,,,,,,,,,,,,,,,Western,,Western Urban,,Freetown,,8.487615,-13.229005,12 Lumley Street,,,coordinates may not be accurate from this source cybo mapping does not appear to be accurate (different addresses appear in the same location on cybo maps),http://yellowpages.cybo.com/SL-biz/juma-pharmaceutical
Sierra Leone,,,,SL-STF180,C. A. J. Pharmaceutical,Pharmacy,pharmacy,,,,,,,,,,,,,,,Western,,Western Urban,,Freetown,,8.487583,-13.228952,7 Lumley Street,,,coordinates may not be accurate from this source cybo mapping does not appear to be accurate (different addresses appear in the same location on cybo maps),http://yellowpages.cybo.com/SL-biz/c.-a.-j.-pharmaceutical
Sierra Leone,,,,SL-STF181,Daema Pharmaceutical,Pharmacy,pharmacy,,,,,,,,,,,,,,,Western,,Western Urban,,Freetown,,8.481642,-13.229967,81 Circular Road,,,coordinates may not be accurate from this source cybo mapping does not appear to be accurate (different addresses appear in the same location on cybo maps),http://yellowpages.cybo.com/SL-biz/daema-pharmaceutical
Sierra Leone,,,,SL-STF182,Labs Pharmaceuticals,Pharmacy,pharmacy,,,,,,,,,,,,,,,Western,,Western Urban,,Freetown,,8.488092,-13.237259,15 Lightfoot Boston Street,,,coordinates may not be accurate from this source cybo mapping does not appear to be accurate (different addresses appear in the same location on cybo maps),http://yellowpages.cybo.com/SL-biz/labs-pharmaceuticals
Sierra Leone,,,,SL-STF183,Queens Pharmaceutical,Pharmacy,pharmacy,,,,,,,,,,,,,,,Western,,Western Urban,,Freetown,,8.489566,-13.21881,164 Fourah Bay Road,,,coordinates may not be accurate from this source cybo mapping does not appear to be accurate (different addresses appear in the same location on cybo maps),http://yellowpages.cybo.com/SL-biz/queens-pharmaceutical
Sierra Leone,,,,SL-STF184,Global Pharmaceuticals,Pharmacy,pharmacy,,,,,,,,,,,,,,,Western,,Western Urban,,Freetown,,8.489072,-13.23316,23 Howe Street,,,coordinates may not be accurate from this source cybo mapping does not appear to be accurate (different addresses appear in the same location on cybo maps),http://yellowpages.cybo.com/search/?p=4&searchcity=Freetown%20Sierra%20Leone&search=pharmacy&i=SL&pl=freetown&t=c
Sierra Leone,,,,SL-STF185,Sam Jalloh Pharmaceuticals,Pharmacy,pharmacy,,,,,,,,,,,,,,,Western,,Western Urban,,Freetown,,8.476459,-13.273545,73B Wilkinson Road,,,coordinates may not be accurate from this source cybo mapping does not appear to be accurate (different addresses appear in the same location on cybo maps),http://yellowpages.cybo.com/search/?p=4&searchcity=Freetown%20Sierra%20Leone&search=pharmacy&i=SL&pl=freetown&t=c
Sierra Leone,,,,SL-STF186,Kayteestar Pharmaceuticals,Pharmacy,pharmacy,,,,,,,,,,,,,,,Western,,Western Urban,,Freetown,,8.48666,-13.236085,8 Siaka Stevens Street,,,coordinates may not be accurate from this source cybo mapping does not appear to be accurate (different addresses appear in the same location on cybo maps),http://yellowpages.cybo.com/SL-biz/kayteestar-pharmaceuticals
Sierra Leone,,,,SL-STF187,Leigh Pharmaceuticals,Pharmacy,pharmacy,,,,,,,,,,,,,,,Western,,Western Urban,,Freetown,,,,56 Bye Pass Road,,,coordinates may not be accurate from this source cybo mapping does not appear to be accurate (different addresses appear in the same location on cybo maps),http://yellowpages.cybo.com/SL-biz/leigh-pharmaceutical
Sierra Leone,,,,SL-STF188,I. B. Mans Pharmaceutical,Pharmacy,pharmacy,,,,,,,,,,,,,,,Western,,Western Urban,,Freetown,,8.48537,-13.218804,32 Kissy Road,,,coordinates may not be accurate from this source cybo mapping does not appear to be accurate (different addresses appear in the same location on cybo maps),http://yellowpages.cybo.com/SL-biz/i.-b.-mans-pharmaceutical
Sierra Leone,,,,SL-STF189,Amade Turay Pharmaceuticals,Pharmacy,pharmacy,,,,,,,,,,,,,,,Western,,Western Urban,,Freetown,,8.477196,-13.261309,Old Motor Road,,,coordinates may not be accurate from this source cybo mapping does not appear to be accurate (different addresses appear in the same location on cybo maps),http://yellowpages.cybo.com/SL-biz/amade-turay-pharmaceticals
Sierra Leone,,,,SL-STF190,Balmus,Pharmacy,pharmacy,,,,,,,,,,,,,,,Western,,Western Urban,,Freetown,,,,"55, Sani Abacha Street,",,,coordinates may not be accurate from this source cybo mapping does not appear to be accurate (different addresses appear in the same location on cybo maps),http://yellowpages.cybo.com/SL-biz/balmus
Sierra Leone,,,,SL-STF191,Universal Trading And Supplies,Pharmacy,pharmacy,,,,,,,,,,,,,,,Western,,Western Urban,,Freetown,,8.488066,-13.228527,43 Sani Abacha Street,,,coordinates may not be accurate from this source cybo mapping does not appear to be accurate (different addresses appear in the same location on cybo maps),http://yellowpages.cybo.com/SL-biz/universal-trading-and-supplies
Sierra Leone,,,,SL-STF192,"
Mohamed C. Kalokoh Pharmaceuticals",Pharmacy,pharmacy,,,,,,,,,,,,,,,Western,,Western Urban,,Freetown,,8.477069,-13.261545,Old Motor Road,,,coordinates may not be accurate from this source cybo mapping does not appear to be accurate (different addresses appear in the same location on cybo maps),http://yellowpages.cybo.com/SL-biz/mohamed-c.-kalokoh-pharmaceuticals
Sierra Leone,,,,SL-STF193,Edfen Pharmaceutical,Pharmacy,pharmacy,,,,,,,,,,,,,,,Western,,Western Urban,,Freetown,,8.479189,-13.238021,1 Williams Street,,,coordinates may not be accurate from this source cybo mapping does not appear to be accurate (different addresses appear in the same location on cybo maps),http://yellowpages.cybo.com/SL-biz/edfen-pharmaceutical
Sierra Leone,,,,SL-STF194,BIS-MAC Drug Store,Pharmacy,pharmacy,,,,,,,,,,,,,,,Western,,Western Urban,,Freetown,,8.483403,-13.241988,45 Kroo Town Road,,,coordinates may not be accurate from this source cybo mapping does not appear to be accurate (different addresses appear in the same location on cybo maps),http://yellowpages.cybo.com/SL-biz/bis-mac-drug-store
Sierra Leone,,,,SL-STF195,Lion Patent Medicine,Pharmacy,pharmacy,,,,,,,,,,,,,,,Western,,Western Urban,,Freetown,,8.474043,-13.247293,10 Bath Street,,,coordinates may not be accurate from this source cybo mapping does not appear to be accurate (different addresses appear in the same location on cybo maps),http://yellowpages.cybo.com/SL-biz/lion-patent-medicine
Sierra Leone,,,,SL-STF196,PJ Worky Enterprises,Pharmacy,pharmacy,,,,,,,,,,,,,,,Western,,Western Urban,,Freetown,,8.485353,-13.218741,128 Kissy Road,,,coordinates may not be accurate from this source cybo mapping does not appear to be accurate (different addresses appear in the same location on cybo maps),http://yellowpages.cybo.com/SL-biz/pj-worky-enterprises
Sierra Leone,,,,SL-STF197,Charldeen Enterprises,Pharmacy,pharmacy,,,,,,,,,,,,,,,Western,,Western Urban,,Freetown,,8.475772,-13.238969,21 Fergusson Street,,,coordinates may not be accurate from this source cybo mapping does not appear to be accurate (different addresses appear in the same location on cybo maps),http://yellowpages.cybo.com/SL-biz/charldeen-enterprises
Sierra Leone,,,,SL-STF198,Amasil Patent Medicines,Pharmacy,pharmacy,,,,,,,,,,,,,,,Western,,Western Urban,,Freetown,,8.489545,-13.218885,174 Fourah Bay Road,,,coordinates may not be accurate from this source cybo mapping does not appear to be accurate (different addresses appear in the same location on cybo maps),http://yellowpages.cybo.com/SL-biz/amasil-patent-medicines
Sierra Leone,,,,SL-STF199,Luba'S Patent Medicines,Pharmacy,pharmacy,,,,,,,,,,,,,,,Western,,Western Urban,,Freetown,,8.46746,-13.238327,2P Smart Lane,,,coordinates may not be accurate from this source cybo mapping does not appear to be accurate (different addresses appear in the same location on cybo maps),http://yellowpages.cybo.com/SL-biz/luba%27s-patent-medicines
Sierra Leone,,,,SL-STF200,Fuma Drugfair (SL) Ltd.,Pharmacy,pharmacy,,,,,,,,,,,,,,,Western,,Western Urban,,Freetown,,8.488081,-13.237131,9 Pultney Street,,,coordinates may not be accurate from this source cybo mapping does not appear to be accurate (different addresses appear in the same location on cybo maps),http://yellowpages.cybo.com/SL-biz/fuma-drugfair-%28sl%29-ltd.
Sierra Leone,,,,SL-STF201,Cokie'S Patent Medical Services,Pharmacy,pharmacy,,,,,,,,,,,,,,,Western,,Western Urban,,Freetown,,8.481644,-13.238748,35 Naimbana Street,,,coordinates may not be accurate from this source cybo mapping does not appear to be accurate (different addresses appear in the same location on cybo maps),http://yellowpages.cybo.com/SL-biz/cokie%27s-patent-medical-services
Sierra Leone,Dupl- SL-STF208,,,SL-STF202,FatMeds Retail Drug Store,Pharmacy,pharmacy,,,,,,,,,,,,,,,Western,,Western Urban,,Freetown,,8.480274,-13.239762,71 Robert Street,,,coordinates may not be accurate from this source cybo mapping does not appear to be accurate (different addresses appear in the same location on cybo maps),http://yellowpages.cybo.com/SL-biz/fatmeds-retail-drug-store
Sierra Leone,,,,SL-STF203,Overcomers Enterprise,Pharmacy,pharmacy,,,,,,,,,,,,,,,Western,,Western Urban,,Freetown,,8.475296,-13.246649,4 Bright Street,,,coordinates may not be accurate from this source cybo mapping does not appear to be accurate (different addresses appear in the same location on cybo maps),http://yellowpages.cybo.com/SL-biz/overcomers-enterprise
Sierra Leone,,,,SL-STF204,Zam Zam Enterprises,Pharmacy,pharmacy,,,,,,,,,,,,,,,Western,,Western Urban,,Freetown,,8.486351,-13.224113,14 Rightpath Street,,,coordinates may not be accurate from this source cybo mapping does not appear to be accurate (different addresses appear in the same location on cybo maps),http://yellowpages.cybo.com/SL-biz/zam-zam-enterprises
Sierra Leone,,,,SL-STF205,Kabala Enterprise,Pharmacy,pharmacy,,,,,,,,,,,,,,,Western,,Western Urban,,Freetown,,8.488088,-13.230431,4 Back Street,,,coordinates may not be accurate from this source cybo mapping does not appear to be accurate (different addresses appear in the same location on cybo maps),http://yellowpages.cybo.com/SL-biz/kabala-enterprise
Sierra Leone,,,,SL-STF206,M. J. Enterprise,Pharmacy,pharmacy,,,,,,,,,,,,,,,Western,,Western Urban,,Freetown,,8.485406,-13.218956,18 Kissy Road,,,coordinates may not be accurate from this source cybo mapping does not appear to be accurate (different addresses appear in the same location on cybo maps),http://yellowpages.cybo.com/SL-biz/m.-j.-enterprise
Sierra Leone,,,,SL-STF207,J. J. Enterprise,Pharmacy,pharmacy,,,,,,,,,,,,,,,Western,,Western Urban,,Freetown,,8.489566,-13.218874,59 Fourah Bay Road,,,coordinates may not be accurate from this source cybo mapping does not appear to be accurate (different addresses appear in the same location on cybo maps),http://yellowpages.cybo.com/SL-biz/j.-j.-enterprise
Sierra Leone,,,,SL-STF209,"
Ibrahim Jalloh Enterprises",Pharmacy,pharmacy,,,,,,,,,,,,,,,Western,,Western Urban,,Freetown,,8.487473,-13.230109,7 Upper East Street,,,coordinates may not be accurate from this source cybo mapping does not appear to be accurate (different addresses appear in the same location on cybo maps),http://yellowpages.cybo.com/SL-biz/ibrahim-jalloh-enterprises
Sierra Leone,,,,SL-STF210,Tecsbaco International Inc. Co. Ltd.,Pharmacy,pharmacy,,,,,,,,,,,,,,,Western,,Western Urban,,Freetown,,8.485044,-13.228294,4 Sackville Street,,,coordinates may not be accurate from this source cybo mapping does not appear to be accurate (different addresses appear in the same location on cybo maps),http://yellowpages.cybo.com/SL-biz/tecsbaco-international-inc.-co.-ltd.
Sierra Leone,,,,SL-STF211,Medise Enterprises,Pharmacy,pharmacy,,,,,,,,,,,,,,,Western,,Western Urban,,Freetown,,8.485298,-13.221846,14 Patton Street,,,coordinates may not be accurate from this source cybo mapping does not appear to be accurate (different addresses appear in the same location on cybo maps),http://yellowpages.cybo.com/SL-biz/medise-enterprises
Sierra Leone,,,,SL-STF212,M. K. Jaba Enterprise,Pharmacy,pharmacy,,,,,,,,,,,,,,,Western,,Western Urban,,Freetown,,8.449986,-13.166707,53 Bai Bureh Road,,,coordinates may not be accurate from this source cybo mapping does not appear to be accurate (different addresses appear in the same location on cybo maps),http://yellowpages.cybo.com/SL-biz/m.-k.-jaba-enterprise
Sierra Leone,,,,SL-STF213,Urban And Rural Services,Pharmacy,pharmacy,,,,,,,,,,,,,,,Western,,Western Urban,,Freetown,,8.48667,-13.236063,57 Siaka Stevens Street,,,coordinates may not be accurate from this source cybo mapping does not appear to be accurate (different addresses appear in the same location on cybo maps),http://yellowpages.cybo.com/SL-biz/urban-and-rural-services
Sierra Leone,,,,SL-STF214,Imed Barrie Enterprises,Pharmacy,pharmacy,,,,,,,,,,,,,,,Western,,Western Urban,,Freetown,,8.487572,-13.228973,16 Lumley Street,,,coordinates may not be accurate from this source cybo mapping does not appear to be accurate (different addresses appear in the same location on cybo maps),http://yellowpages.cybo.com/SL-biz/imed-barrie-enterprises
Sierra Leone,,,,SL-STF215,Comman Enterprises,Pharmacy,pharmacy,,,,,,,,,,,,,,,Western,,Western Urban,,Freetown,,8.474033,-13.247347,17 Bath Street,,,coordinates may not be accurate from this source cybo mapping does not appear to be accurate (different addresses appear in the same location on cybo maps),http://yellowpages.cybo.com/SL-biz/comman-enterprises
Sierra Leone,,,,SL-STF216,Nala Enterprise,Pharmacy,pharmacy,,,,,,,,,,,,,,,Western,,Western Urban,,Freetown,,8.487135,-13.230062,18 Free Street,,,coordinates may not be accurate from this source cybo mapping does not appear to be accurate (different addresses appear in the same location on cybo maps),http://yellowpages.cybo.com/SL-biz/nala-enterprise
Sierra Leone,,,,SL-STF217,Kayteestar Ltd.,Pharmacy,pharmacy,,,,,,,,,,,,,,,Western,,Western Urban,,Freetown,,8.488151,-13.228891,7A Sani Abacha Street,,,coordinates may not be accurate from this source cybo mapping does not appear to be accurate (different addresses appear in the same location on cybo maps),http://yellowpages.cybo.com/SL-biz/kayteestar-ltd.
Sierra Leone,,,,SL-STF218,Belsoh Chemist,Pharmacy,pharmacy,,,,,,,,,,,,,,,Western,,Western Urban,,Freetown,,8.450007,-13.166674,51A Bai Bureh Road,,,coordinates may not be accurate from this source cybo mapping does not appear to be accurate (different addresses appear in the same location on cybo maps),http://yellowpages.cybo.com/SL-biz/belsoh-chemist
Sierra Leone,,,,SL-STF219,F. M. Enterprises,Pharmacy,pharmacy,,,,,,,,,,,,,,,Western,,Western Urban,,Freetown,,8.479621,-13.236218,143 Pademba Road,,,coordinates may not be accurate from this source cybo mapping does not appear to be accurate (different addresses appear in the same location on cybo maps),http://yellowpages.cybo.com/SL-biz/f.-m.-enterprises
Sierra Leone,,,,SL-STF220,SRA Enterprise,Pharmacy,pharmacy,,,,,,,,,,,,,,,Western,,Western Urban,,Freetown,,8.487536,-13.211415,7 Ross Road,,,coordinates may not be accurate from this source cybo mapping does not appear to be accurate (different addresses appear in the same location on cybo maps),http://yellowpages.cybo.com/SL-biz/sra-enterprise
Sierra Leone,,,,SL-STF221,Oneness Patient Medicine Store,Pharmacy,pharmacy,,,,,,,,,,,,,,,Western,,Western Urban,,Kissy (Freetown),,8.476569,-13.200093,16 Blackhall Road,,,coordinates may not be accurate from this source cybo mapping does not appear to be accurate (different addresses appear in the same location on cybo maps),http://yellowpages.cybo.com/SL-biz/oneness-patient-medicine-store
Sierra Leone,,,,SL-STF222,Divine Increase Patent & Medicine Store,Pharmacy,pharmacy,,,,,,,,,,,,,,,Western,,Western Urban,,Kissy (Freetown),,8.478626,-13.199566,177 Bai Bureh Road,,,coordinates may not be accurate from this source cybo mapping does not appear to be accurate (different addresses appear in the same location on cybo maps),http://yellowpages.cybo.com/SL-biz/divine-increase-patent-%26-medicine-store
Sierra Leone,,,,SL-STF223,Yoni Drugs Centre,Pharmacy,pharmacy,,,,,,,,,,,,,,,Western,,Western Urban,,Kissy (Freetown),,8.450007,-13.166674,52 Bai Bureh Road,,,coordinates may not be accurate from this source cybo mapping does not appear to be accurate (different addresses appear in the same location on cybo maps),http://yellowpages.cybo.com/SL-biz/yoni-drugs-centre
Sierra Leone,,,,SL-STF224,Modual Enterprise,Pharmacy,pharmacy,,,,,,,,,,,,,,,Western,,Western Urban,,Kissy (Freetown),,,,59 Bye Pass Road,,,coordinates may not be accurate from this source cybo mapping does not appear to be accurate (different addresses appear in the same location on cybo maps),http://yellowpages.cybo.com/SL-biz/modual-enterprise
Sierra Leone,,,,SL-STF225,The Atlantic Commercial Enterprises,Pharmacy,pharmacy,,,,,,,,,,,,,,,Western,,Western Urban,,Kissy (Freetown),,8.485459,-13.21902,10A Kissy Road,,,coordinates may not be accurate from this source cybo mapping does not appear to be accurate (different addresses appear in the same location on cybo maps),http://yellowpages.cybo.com/SL-biz/the-atlantic-commercial-enterprises
Sierra Leone,,,,SL-STF226,Aunty Bee Drug Store,Pharmacy,pharmacy,,,,,,,,,,,,,,,Western,,Western Urban,,Kissy (Freetown),,8.472704,-13.19159,16 Parsonage Street,,,coordinates may not be accurate from this source cybo mapping does not appear to be accurate (different addresses appear in the same location on cybo maps),http://yellowpages.cybo.com/SL-biz/aunty-bee-drug-store
Sierra Leone,,,,SL-STF227,Makaro Store,Pharmacy,pharmacy,,,,,,,,,,,,,,,Western,,Western Urban,,Kissy (Freetown),,8.485385,-13.21873,87 Kissy Road,,,coordinates may not be accurate from this source cybo mapping does not appear to be accurate (different addresses appear in the same location on cybo maps),http://yellowpages.cybo.com/SL-biz/makaro-store
Sierra Leone,,,,SL-STF228,Reliable Friends Enterprises,Pharmacy,pharmacy,,,,,,,,,,,,,,,Western,,Western Urban,,Kissy (Freetown),,8.450007,-13.166674,58 Bai Bureh Road,,,coordinates may not be accurate from this source cybo mapping does not appear to be accurate (different addresses appear in the same location on cybo maps),http://yellowpages.cybo.com/SL-biz/reliable-friends-enterprises
Sierra Leone,,,,SL-STF229,Alhaji Bangura Drugs Store,Pharmacy,pharmacy,,,,,,,,,,,,,,,Western,,Western Urban,,Freetown,,8.487484,-13.230109,3 Short Street,,,coordinates may not be accurate from this source cybo mapping does not appear to be accurate (different addresses appear in the same location on cybo maps),http://yellowpages.cybo.com/SL-biz/alhaji-bangura-drugs-store
Sierra Leone,,,,SL-STF230,I. B. Enterprises,Pharmacy,pharmacy,,,,,,,,,,,,,,,Western,,Western Urban,,Freetown,,8.489515,-13.206314,14 Cline Street,,,coordinates may not be accurate from this source cybo mapping does not appear to be accurate (different addresses appear in the same location on cybo maps), http://yellowpages.cybo.com/SL-biz/i.-b.-enterprises
Sierra Leone,,,,SL-STF231,Abassa Tholley,Pharmacy,pharmacy,,,,,,,,,,,,,,,Western,,Western Urban,,Freetown,,8.450007,-13.166674,93 Bai Bureh Road,,,coordinates may not be accurate from this source cybo mapping does not appear to be accurate (different addresses appear in the same location on cybo maps),http://yellowpages.cybo.com/SL-biz/abassa-tholley
Sierra Leone,,,,SL-STF232,Chrisbatu Drug Store,Pharmacy,pharmacy,,,,,,,,,,,,,,,Western,,Western Urban,,Freetown,,8.487566,-13.232543,139 Regent Road,,,coordinates may not be accurate from this source cybo mapping does not appear to be accurate (different addresses appear in the same location on cybo maps),http://yellowpages.cybo.com/SL-biz/chrisbatu-drug-store
Sierra Leone,EBOLA HOLDING CENTER,,,SL-STF233,Rokupa Hospital,Hospital,,,35- bed,,,,,,,,,,,,,Western,,Western Urban,,Freetown,,,,,,,"Identified as an Ebola Holding Centre here: http://reliefweb.int/sites/reliefweb.int/files/resources/Ebola-Situation-Report_Vol-139.pdf; Princess Christian Maternity Hospital is a Hospital in Freetown, Sierra Leone nicknamed the 'Cottage Hospital'. On May 2006 Ahmad Tejan Kabbah re-opened the hospital alongside Connaught Hospital.",
Sierra Leone,,Y,,SL-STF234,Masanga Hospital,Hospital,"paediatrics, maternity, general medicine and surgery",GOSL; see notes,100,,"Over 100 staff and volunteers work in the hospital
Medical staff include 2 permanent Dutch doctors, 3 Community Health officers, 3 nurses and 53 nursing aides 
Administration is kept to a minimum with 8 staff
There are 32 support staff looking after the grounds, services and security",,,,,,,,,,,Northern,,Tonkolili,,Masanga,,8.750768,-11.83691,,http://masangahospital.org/,,"The hospital is run by a partnership between several European charitable organisations:  MasangaUK,[2] Sierra Leonean Adventists Abroad (SLAA)[1]and Associated Friends of Masanga (AFOM)",
Sierra Leone,Open,Y,,SL-STF235,Sierra Leone-China Friendship Hospital,Hospital,"surgery, obstetrics, gynaecology, pediatrics, ophthalmology, and ear, nose, and throat, Dialysis",China's Shandong Qushan Hospital and the Sierra Leone's Ministry of Health,2,"ultrasound scanner, CT scanner, X-ray, and biochemical testing equipment",,,,,,,,,,,,Western,,Western Rural,,Jui,,8.388793,-13.1334013,Bai Bureh Road,,,http://allafrica.com/stories/201409292087.html currently only 2 beds with plans for another 30,http://china.aiddata.org/projects/30258 ; http://infosierraleone.jimdo.com/healthcare/hospitals/
Sierra Leone,,,,SL-STF236,Bumpeh Perri Community Health Centre,Health Centre,,,,,,,,,,,,,,,,Pujehun,,Pujehun,,Gallines Perri -  Bumpe (Bumpeh),,7.283638,-11.563979,,,,Geolocated to village level,"http://ogi.gov.sl/sites/default/files/assl-performance-audit-report-anti-malaria-intervention-2012.pdf, http://www.openstreetmap.org/search?query=Perri#map=12/7.2882/-11.5605&layers=HN"
Sierra Leone,,,,SL-STF237,Gbondapi Community Health Centre,Health Centre,,,,,,,,,,,,,,,,Pujehun,,Pujehun,,"Gbondapi, Kpanga Kabonde",,7.3196614,-11.8500034,,,,Geolocated to village level,"http://ogi.gov.sl/sites/default/files/assl-performance-audit-report-anti-malaria-intervention-2012.pdf, http://www.openstreetmap.org/node/2036065483"
Sierra Leone,,,,SL-STF238,Kpanga Kabundeh Government Hospital,Hospital,,,,,,,,,,,,,,,,Pujehun,,Pujehun,,(Pujehun) Kpanga Kabundeh ,,7.3566324,-11.7212448,,,,"Geolocated to the town of Pujehun, which is the capital of the Kpanga Kabundeh Chiefdom.","http://ogi.gov.sl/sites/default/files/assl-performance-audit-report-anti-malaria-intervention-2012.pdf, http://www.openstreetmap.org/node/320060535"
Sierra Leone,,,,SL-STF239,Dandabu Community Health Post,Health Post,,,,,,,,,,,,,,,,Pujehun,,Pujehun,,"Dandabu, Kpanga Kabonde",,7.4758916,-11.6864939,,,,Geolocated to village level,"http://ogi.gov.sl/sites/default/files/assl-performance-audit-report-anti-malaria-intervention-2012.pdf, http://www.openstreetmap.org/node/1859348873"
Sierra Leone,,,,SL-STF240,Pewama Kabondeh Maternal Child Health Post,Health Post,,,,,,,,,,,,,,,,Pujehun,,Pujehun,,Kabondeh,,7.533333,-11.6,,,,Geolocated to village level,"http://ogi.gov.sl/sites/default/files/assl-performance-audit-report-anti-malaria-intervention-2012.pdf, http://www.openstreetmap.org/node/3042132396"
Sierra Leone,,,,SL-STF241,Jong Government Hospital,Hospital,,,,,,,,,,,,,,,,Bonthe,,Bonthe,,"Jong (Mattru Jong, Mattru, Matru)",,7.606181,-12.17489,,,,Geolocated to town level,"http://ogi.gov.sl/sites/default/files/assl-performance-audit-report-anti-malaria-intervention-2012.pdf, http://www.openstreetmap.org/search?query=mattru#map=12/7.5997/-12.1665&layers=HN"
Sierra Leone,,,,SL-STF242,Motuo Community Health Centre,Health Centre,,,,,,,,,,,,,,,,Bonthe,,Bonthe,,Kpanda Kemoh,,7.6136936,-12.0469112,,,,Geolocated to village level,"http://ogi.gov.sl/sites/default/files/assl-performance-audit-report-anti-malaria-intervention-2012.pdf, https://www.google.com.sl/maps/place/Motuo/@7.6136936,-12.0469112,510m/data=!3m2!1e3!4b1!4m2!3m1!1s0xf08aa9fa548e92b:0xcd56dda6cd089db2?hl=en"
Sierra Leone,,,,SL-STF243,Kpandebu Dama Community Health Centre,Health Centre,,,,,,,,,,,,,,,,Kenema,,Kenema,,Dama (Diame),,7.726888,-11.142962,,,,Geolocated to Dama village,"http://ogi.gov.sl/sites/default/files/assl-performance-audit-report-anti-malaria-intervention-2012.pdf, https://www.google.com.sl/maps/place/Diame/@7.7258934,-11.143595,7623m/data=!3m2!1e3!4b1!4m2!3m1!1s0xf07da1e1935974f:0xe619cdfae3c219fb?hl=en"
Sierra Leone,,,,SL-STF244,Serabu Catholic Hospital,Hospital,,,,,,,,,,,,,,,,Southern,,Bo,,"Serabu, Bumpe",,7.7895641,-12.0549094,,,,Geolocated to village level,http://ogi.gov.sl/sites/default/files/assl-performance-audit-report-anti-malaria-intervention-2012.pdf
Sierra Leone,,,,SL-STF245,Serabu Community Health Centre,Health Centre,,,,,,,,,,,,,,,,Southern,,Bo,,"Serabu, Bumpe",,7.79437,-12.0516,,,,Geolocated to health facility,"http://ogi.gov.sl/sites/default/files/assl-performance-audit-report-anti-malaria-intervention-2012.pdf, https://www.google.com.sl/maps/place/Serabu/@7.79437,-12.0516,3a,75y, 90t/data=!3m5!1e2!3m3!1s85370972!2e1!3e10!4m2!3m1!1s0xf06080963cfeb13:0x5f3fd27646cc0a5b?hl=en"
Sierra Leone,,,,SL-STF246,Kpetema Community Health Post,Health Post,,,,,,,,,,,,,,,,Southern,,Bo,,"Kpetema, Bumpe",,7.8543731,-11.7551463,,,,Geolocated to village level,"http://ogi.gov.sl/sites/default/files/assl-performance-audit-report-anti-malaria-intervention-2012.pdf, http://www.openstreetmap.org/node/2187049453"
Sierra Leone,,,,SL-STF247,Blama Community Health Centre,Health Centre,,,,,,,,,,,,,,,,Kenema,,Kenema,,"Blama, Small Bo",,7.8741655,-11.3448069,,,,Geolocated to Village level,"http://ogi.gov.sl/sites/default/files/assl-performance-audit-report-anti-malaria-intervention-2012.pdf, http://www.openstreetmap.org/node/379438219"
Sierra Leone,,,,SL-STF248,Tikonko Community Health Centre,Health Centre,,,,,,,,,,,,,,,,Southern,,Bo,,Tikonko,,7.879186,-11.783405,,,,Geolocated to village level,"http://ogi.gov.sl/sites/default/files/assl-performance-audit-report-anti-malaria-intervention-2012.pdf, https://www.google.com.sl/maps/place/Tikonko/@7.8822268,-11.783867,2037m/data=!3m2!1e3!4b1!4m2!3m1!1s0xf0616a75c12cff9:0x564b436d5844c02c?hl=en"
Sierra Leone,,,,SL-STF249,Nongowa Government Hospital,Hospital,,,,,,,,,,,,,,,,Kenema,,Kenema,,Nongowa,,7.9033,-11.163,,,,Geolocated to the area of Nongowa in Kenema.,"http://ogi.gov.sl/sites/default/files/assl-performance-audit-report-anti-malaria-intervention-2012.pdf, http://www.openstreetmap.org/search?query=nongowa#map=12/7.9037/-11.1633&layers=HN"
Sierra Leone,,,,SL-STF250,Hanga Community Health Centre,Health Centre,,,,,,,,,,,,,,,,Kenema,,Kenema,,"Hanga (Hangha), Nongowa",,7.9390302,-11.1422825,,,,Geolocated to village level ,"http://ogi.gov.sl/sites/default/files/assl-performance-audit-report-anti-malaria-intervention-2012.pdf, http://www.openstreetmap.org/node/2948714586#map=14/7.9390/-11.1423&layers=HN"
Sierra Leone,,,,SL-STF251,Kakua Government Hospital,Hospital,,,,,,,,,,,,,,,,Southern,,Bo,,Kakua,,7.95975,-11.73062,,,,Geolocated to the Kakua area of Bo Town.,"http://ogi.gov.sl/sites/default/files/assl-performance-audit-report-anti-malaria-intervention-2012.pdf, http://www.openstreetmap.org/way/119491775#map=19/7.95975/-11.73062&layers=HN"
Sierra Leone,,,,SL-STF252,Mobia Community Health Centre,Health Centre,,,,,,,,,,,,,,,,Kailahun,,Kailahun,,"Mobia, Mandu",,7.993924,-10.754997,,,,Geolocated to village level,"http://ogi.gov.sl/sites/default/files/assl-performance-audit-report-anti-malaria-intervention-2012.pdf, https://www.google.com.sl/maps/place/7%C2%B059%2738.1%22N+10%C2%B045%2718.0%22W/@7.993924,-10.754997,952m/data=!3m2!1e3!4b1!4m2!3m1!1s0x0:0x0?hl=en"
Sierra Leone,,,,SL-STF253,Manguama Community Health Post,Health Post,,,,,,,,,,,,,,,,Southern,,Bo,,"Manguama, Kakua",,8.0137512,-11.6774155,,,,Geolocated to village level,"http://ogi.gov.sl/sites/default/files/assl-performance-audit-report-anti-malaria-intervention-2012.pdf, http://www.openstreetmap.org/search?query=manguama#map=14/8.0138/-11.6775&layers=HN"
Sierra Leone,,,,SL-STF254,Mano Community Health Centre,Health Centre,,,,,,,,,,,,,,,,Moyamba,,Moyamba,,"Mano, Dasse",,8.0391114,-12.0926755,,,,Geolocated to village level,"http://ogi.gov.sl/sites/default/files/assl-performance-audit-report-anti-malaria-intervention-2012.pdf, http://www.openstreetmap.org/node/1871034823"
Sierra Leone,,,,SL-STF255,Pendembu Community Health Centre,Health Centre,,,,,,,,,,,,,,,,Kailahun,,Kailahun,,"Pendembu, Upper Bambara",,8.0987355,-10.6938716,,,,Geolocated to town level ,"http://ogi.gov.sl/sites/default/files/assl-performance-audit-report-anti-malaria-intervention-2012.pdf, http://www.openstreetmap.org/node/1871316440#map=13/8.0987/-10.6939&layers=HN"
Sierra Leone,,,,SL-STF256,Kiayamba Government Hospital,Hospital,,,,,,,,,,,,,,,,Moyamba,,Moyamba,,Kaiyamba,,8.107151,-12.362703,,,,"Geolocated to the village of Gbonjeima, which is in the area of Kaiyamba.","http://ogi.gov.sl/sites/default/files/assl-performance-audit-report-anti-malaria-intervention-2012.pdf, http://unipsil.unmissions.org/portals/unipsil/sierraleone/maps/A1_pm.pdf, "
Sierra Leone,,,,SL-STF257,Njala University Hospital,Hospital,,,,,,,,,,,,,,,,Moyamba,,Moyamba,,"Njala, Kori",,8.1143,-12.0725,,,,Geolocated to town level,"http://ogi.gov.sl/sites/default/files/assl-performance-audit-report-anti-malaria-intervention-2012.pdf, http://www.openstreetmap.org/node/1871034824#map=13/8.1143/-12.0725&layers=HN"
Sierra Leone,,,,SL-STF258,Taima Community Health Centre,Health Centre,,,,,,,,,,,,,,,,Moyamba,,Moyamba,,"Taima (Taiama), Kori",,8.1998518,-12.0613975,,,,Geolocated to village level,"http://ogi.gov.sl/sites/default/files/assl-performance-audit-report-anti-malaria-intervention-2012.pdf, http://www.openstreetmap.org/node/379432200"
Sierra Leone,,,,SL-STF259,Nyandehun Community Health Post,Health Post,,,,,,,,,,,,,,,,Kailahun,,Kailahun,,"Nyandehun, Luawa",,8.2041684,-10.4817167,,,,Geolocated to village level,"http://ogi.gov.sl/sites/default/files/assl-performance-audit-report-anti-malaria-intervention-2012.pdf, http://www.openstreetmap.org/node/1871302012"
Sierra Leone,,,,SL-STF260,Luawa Government Hospital,Hospital,,,,,,,,,,,,,,,,Kailahun,,Kailahun,,Luawa,,8.2284,-10.5478,,,,Geolocated to around the area of Luawa,"http://ogi.gov.sl/sites/default/files/assl-performance-audit-report-anti-malaria-intervention-2012.pdf, http://www.openstreetmap.org/search?query=Luawa#map=12/8.2284/-10.5478&layers=HN"
Sierra Leone,,,,SL-STF261,Malama Community Health Post,Health Post,,,,,,,,,,,,,,,,Western,,Freetown,,Lumley (Malama),,8.487816,-13.230215,,,,Geolocated to the Malama/Lumley area of Freetown. This document also states on page 13 that there are 1026 health care facilities in Sierra Leone,http://ogi.gov.sl/sites/default/files/assl-performance-audit-report-anti-malaria-intervention-2012.pdf
Sierra Leone,,,,SL-STF262,Peppel Community Health Post,Health Post,,,,,,,,,,,,,,,,Port Loko,,Port Loko,,Peppel (Pepel) Lokomasama,,8.5867208,-13.0553054,,,,Geolocated to town level,"http://ogi.gov.sl/sites/default/files/assl-performance-audit-report-anti-malaria-intervention-2012.pdf, http://www.openstreetmap.org/node/2245317971"
Sierra Leone,,,,SL-STF263,Fuero Maternal and Child Health Post,Health Post,,,,,,,,,,,,,,,,Kono,,Kono,,Fuero,,8.5929285,-10.6410429,,,,Geolocated to village level,"http://ogi.gov.sl/sites/default/files/assl-performance-audit-report-anti-malaria-intervention-2012.pdf, http://www.openstreetmap.org/node/3029687421"
Sierra Leone,,,,SL-STF264,Yamanda Community Health Centre,Health Centre,,,,,,,,,,,,,,,,Kono,,Kono,,"Yamanda (Yomadu, Yamadu)",,8.651409,-10.50313,,,,Geolocated to village level,"http://ogi.gov.sl/sites/default/files/assl-performance-audit-report-anti-malaria-intervention-2012.pdf, https://www.google.com.sl/maps/place/Yomadu/@8.6512664,-10.503467,7605m/data=!3m2!1e3!4b1!4m2!3m1!1s0xfa9ddb4385d2ba5:0x488498f55e37a7fe?hl=en"
Sierra Leone,,,,SL-STF265,Lungi Government Hospital,Hospital,,,,,,,,,,,,,,,,Port Loko,,Port Loko,,Lungi (Lungi-lol) Kaffu Bullom,,8.6810852,-12.9996479,,,,Geolocated to village level - this village does not seem large enough to have a government hospital.,"http://ogi.gov.sl/sites/default/files/assl-performance-audit-report-anti-malaria-intervention-2012.pdf, https://www.google.com.sl/maps/place/Lungi+Lol/@8.6836265,-12.9983718,1901m/data=!3m2!1e3!4b1!4m2!3m1!1s0xf04920e7dd86bb7:0xdde78364746081b?hl=en"
Sierra Leone,,,,SL-STF266,Tefeya Community Health Centre,Health Centre,,,,,,,,,,,,,,,,Kono,,Kono,,Tefeya (Tefea),,8.7042619,-11.2132744,,,,Geolocated to village level,"http://ogi.gov.sl/sites/default/files/assl-performance-audit-report-anti-malaria-intervention-2012.pdf, http://www.openstreetmap.org/node/3056412385"
Sierra Leone,,,,SL-STF267,Magburaka Government Hospital,Hospital,,,,,,,,,,,,,,,,Tonkolili,,Tonkolili,,Magburaka,,8.7228184,-11.9491931,,,,Geolocated to village level,"http://ogi.gov.sl/sites/default/files/assl-performance-audit-report-anti-malaria-intervention-2012.pdf, http://www.openstreetmap.org/node/1978562828"
Sierra Leone,,,,SL-STF268,Wordu Maternal and Child Health Post,Health Post,,,,,,,,,,,,,,,,Kono,,Kono,,Wordu,,8.7262441,-11.0047833,,,,Geolocated to village level,"http://ogi.gov.sl/sites/default/files/assl-performance-audit-report-anti-malaria-intervention-2012.pdf, http://www.panoramio.com/photo/82784132"
Sierra Leone,,,,SL-STF269,Mabai Maternal and Child Health Post,Health Post,,,,,,,,,,,,,,,,Tonkolili,,Tonkolili,,"Mabai, Kholifa Rowalla",,8.7613096,-11.7927787,,,,Geolocated to village level,"http://ogi.gov.sl/sites/default/files/assl-performance-audit-report-anti-malaria-intervention-2012.pdf, http://www.openstreetmap.org/node/3059598652"
Sierra Leone,,,,SL-STF270,Port Loko Government Hospital,Hospital,,,,,,,,,,,,,,,,Port Loko,,Port Loko,,Port Loko,,8.7651729,-12.7849451,,,,Geolocated to town level,"http://ogi.gov.sl/sites/default/files/assl-performance-audit-report-anti-malaria-intervention-2012.pdf, http://www.openstreetmap.org/node/1848318165"
Sierra Leone,,,,SL-STF271,Makeni Government Hospital,Hospital,,,,,,,,,,,,,,,,Bombali,,Bombali,,Makeni,,8.8802368,-12.0495129,,,,Geolocated to city level,"http://ogi.gov.sl/sites/default/files/assl-performance-audit-report-anti-malaria-intervention-2012.pdf, https://www.google.com.sl/maps/place/Makeni/@8.8802368,-12.0495129,7364m/data=!3m2!1e3!4b1!4m2!3m1!1s0xf06a9be0db29e9d:0x9a77aab743de9a41?hl=en"
Sierra Leone,,,,SL-STF272,Magbema Government Hospital,Hospital,,,,,,,,,,,,,,,,Kambia,,Kambia,,Magbema,,8.9178164,-13.1554694,,,,Geolocated to village level,"http://ogi.gov.sl/sites/default/files/assl-performance-audit-report-anti-malaria-intervention-2012.pdf, http://www.openstreetmap.org/node/2469953663"
Sierra Leone,,,,SL-STF273,Rokupr Community Health Centre,Health Centre,,,,,,,,,,,,,,,,Kambia,,Kambia,,"Rokupr, Magbema",,9.012937,-12.9487621,,,,Geolocated to town level,"http://ogi.gov.sl/sites/default/files/assl-performance-audit-report-anti-malaria-intervention-2012.pdf, http://www.openstreetmap.org/node/2005877089"
Sierra Leone,,,,SL-STF274,Kukuna Community Health Centre,Health Centre,,,,,,,,,,,,,,,,Kambia,,Kambia,,"Kukuna, Bramaia",,9.3974574,-12.6657748,,,,Geolocated to town level,"http://ogi.gov.sl/sites/default/files/assl-performance-audit-report-anti-malaria-intervention-2012.pdf, http://www.openstreetmap.org/node/2288978610"
Sierra Leone,,,,SL-STF275,Kamalo Community Health Centre,Health Centre,,,,,,,,,,,,,,,,Bombali,,Bombali,,"Kamalo (Kamalu), Sanda Loko",,9.4028214,-12.2438712,,,,Geolocated to village level,"http://ogi.gov.sl/sites/default/files/assl-performance-audit-report-anti-malaria-intervention-2012.pdf, http://www.openstreetmap.org/node/3020128393"
Sierra Leone,,,,SL-STF276,Kabala Government Hospital,Hospital,,,,,,,,,,,,,,,,Koinadugu,,Koinadugu,,Kabala,,9.5886363,-11.5518128,,,,Geolocated to town level,"http://ogi.gov.sl/sites/default/files/assl-performance-audit-report-anti-malaria-intervention-2012.pdf, http://www.openstreetmap.org/node/2127495971"
Sierra Leone,,,,SL-STF277,Manna Maternal Child Health Post,Health Post,,,,,,,,,,,,,,,,Koinadugu,,Koinadugu,,"Manna (Mana), Dembellia Sinkunia",,9.7584017,-11.4882329,,,,Geolocated to village level,"http://ogi.gov.sl/sites/default/files/assl-performance-audit-report-anti-malaria-intervention-2012.pdf, http://www.openstreetmap.org/node/3129806040"
Sierra Leone,,,,SL-STF278,Falaba Community Health Centre,Health Centre,,,,,,,,,,,,,,,,Koinadugu,,Koinadugu,,"Falaba, Sulima",,9.8554595,-11.3211426,,,,Geolocated to village level,"http://ogi.gov.sl/sites/default/files/assl-performance-audit-report-anti-malaria-intervention-2012.pdf, http://www.openstreetmap.org/node/3095265549#map=13/9.8554/-11.3211&layers=HN"
Sierra Leone,,,,SL-STF279,Sinkunia Community Health Centre,Health Centre,,,,,,,,,,,,,,,,Koinadugu,,Koinadugu,,Dembellia Sinkunia,,9.8632918,-11.4288501,,,,Geolocated to village level,"http://ogi.gov.sl/sites/default/files/assl-performance-audit-report-anti-malaria-intervention-2012.pdf, http://www.openstreetmap.org/node/484029056"
,,,,,,,,,,,,,,,,,,,,,,,,,,,,,,,,,,
,,,,,,,,,,,,,,,,,,,,,,,,,,,,,,,,,,
,,,,,,,,,,,,,,,,,,,,,,,,,,,,,,,,,,
,,,,,,,,,,,,,,,,,,,,,,,,,,,,,,,,,,
,,,,,,,,,,,,,,,,,,,,,,,,,,,,,,,,,,
,,,,,,,,,,,,,,,,,,,,,,,,,,,,,,,,,,
,,,,,,,,,,,,,,,,,,,,,,,,,,,,,,,,,,
,,,,,,,,,,,,,,,,,,,,,,,,,,,,,,,,,,
,,,,,,,,,,,,,,,,,,,,,,,,,,,,,,,,,,
,,,,,,,,,,,,,,,,,,,,,,,,,,,,,,,,,,
,,,,,,,,,,,,,,,,,,,,,,,,,,,,,,,,,,
,,,,,,,,,,,,,,,,,,,,,,,,,,,,,,,,,,
,,,,,,,,,,,,,,,,,,,,,,,,,,,,,,,,,,
,,,,,,,,,,,,,,,,,,,,,,,,,,,,,,,,,,
,,,,,,,,,,,,,,,,,,,,,,,,,,,,,,,,,,
,,,,,,,,,,,,,,,,,,,,,,,,,,,,,,,,,,
Sierra Leone,Open,,,,Freetown - Police Training Station (Hastings) site,,,MOH,60,Freetown,,,,,,,,,,,,Western ,,Freetown,,,,,,,,,Currently 60 beds with plans to add another 40 beds,https://data.hdx.rwlabs.org/dataset/etc-overview-21-october
,,,,,,,,,,,,,,,,,,,,,,,,,,,,,,,,,,
Sierra Leone,,,,,Dambala Community Health Centre,Health Centre,,,,,,,,,,,,,,,,Southern,,Bo,,Selenga,,,,,,,,http://ogi.gov.sl/sites/default/files/assl-performance-audit-report-anti-malaria-intervention-2012.pdf
Sierra Leone,,,,,Banagambaya Maternal and CHild Health Post,Health Post,,,,,,,,,,,,,,,,Kono,,Kono,,Banagambaya,,,,,,,,http://ogi.gov.sl/sites/default/files/assl-performance-audit-report-anti-malaria-intervention-2012.pdf
